batch_size,round,position,input_batch_index,configuration,latency_ms
1,0,0,0,tensorrt_original,4.954445
1,0,1,0,tensorrt_separable,3.660483
1,0,2,0,pytorch_original,8.235308
1,1,0,1,pytorch_original,7.986753
1,1,1,1,tensorrt_original,4.680553
1,1,2,1,tensorrt_separable,3.73444
1,2,0,2,tensorrt_separable,3.967722
1,2,1,2,tensorrt_original,4.30049
1,2,2,2,pytorch_original,6.725632
1,3,0,3,pytorch_original,6.728862
1,3,1,3,tensorrt_original,3.716785
1,3,2,3,tensorrt_separable,2.700801
1,4,0,4,tensorrt_original,3.698506
1,4,1,4,pytorch_original,6.830796
1,4,2,4,tensorrt_separable,2.633476
1,5,0,5,pytorch_original,6.733349
1,5,1,5,tensorrt_original,3.666936
1,5,2,5,tensorrt_separable,2.73016
1,6,0,6,tensorrt_original,3.685383
1,6,1,6,tensorrt_separable,2.815597
1,6,2,6,pytorch_original,6.68837
1,7,0,7,tensorrt_original,3.910651
1,7,1,7,tensorrt_separable,2.739363
1,7,2,7,pytorch_original,6.676961
1,8,0,8,pytorch_original,6.794542
1,8,1,8,tensorrt_original,3.741799
1,8,2,8,tensorrt_separable,2.710815
1,9,0,9,pytorch_original,6.867902
1,9,1,9,tensorrt_separable,2.847985
1,9,2,9,tensorrt_original,3.710887
1,10,0,10,tensorrt_separable,2.707186
1,10,1,10,tensorrt_original,3.793028
1,10,2,10,pytorch_original,6.79255
1,11,0,11,pytorch_original,6.78041
1,11,1,11,tensorrt_separable,2.734038
1,11,2,11,tensorrt_original,3.663707
1,12,0,12,tensorrt_separable,2.661024
1,12,1,12,pytorch_original,6.716066
1,12,2,12,tensorrt_original,3.694228
1,13,0,13,tensorrt_original,3.699216
1,13,1,13,pytorch_original,7.433848
1,13,2,13,tensorrt_separable,2.961764
1,14,0,14,tensorrt_separable,2.751106
1,14,1,14,pytorch_original,6.797851
1,14,2,14,tensorrt_original,3.686085
1,15,0,15,tensorrt_original,3.825404
1,15,1,15,pytorch_original,6.817599
1,15,2,15,tensorrt_separable,2.707903
1,16,0,16,tensorrt_separable,2.926628
1,16,1,16,pytorch_original,6.881615
1,16,2,16,tensorrt_original,3.75959
1,17,0,17,pytorch_original,6.855533
1,17,1,17,tensorrt_separable,3.303936
1,17,2,17,tensorrt_original,3.909721
1,18,0,18,tensorrt_original,3.783648
1,18,1,18,tensorrt_separable,3.108831
1,18,2,18,pytorch_original,7.079888
1,19,0,19,tensorrt_original,3.736458
1,19,1,19,pytorch_original,6.833253
1,19,2,19,tensorrt_separable,2.686291
1,20,0,20,tensorrt_original,3.680392
1,20,1,20,pytorch_original,7.021126
1,20,2,20,tensorrt_separable,3.753466
1,21,0,21,pytorch_original,8.21389
1,21,1,21,tensorrt_separable,3.213735
1,21,2,21,tensorrt_original,3.760746
1,22,0,22,tensorrt_original,3.829571
1,22,1,22,pytorch_original,6.884522
1,22,2,22,tensorrt_separable,2.955693
1,23,0,23,pytorch_original,6.822385
1,23,1,23,tensorrt_original,3.692519
1,23,2,23,tensorrt_separable,3.826463
1,24,0,24,pytorch_original,8.095145
1,24,1,24,tensorrt_separable,3.705812
1,24,2,24,tensorrt_original,4.580573
1,25,0,25,pytorch_original,8.135464
1,25,1,25,tensorrt_separable,3.605376
1,25,2,25,tensorrt_original,4.009062
1,26,0,26,pytorch_original,6.797171
1,26,1,26,tensorrt_original,3.780587
1,26,2,26,tensorrt_separable,2.786457
1,27,0,27,tensorrt_separable,2.765579
1,27,1,27,pytorch_original,6.772501
1,27,2,27,tensorrt_original,4.539654
1,28,0,28,tensorrt_original,4.933003
1,28,1,28,pytorch_original,7.892959
1,28,2,28,tensorrt_separable,3.919742
1,29,0,29,tensorrt_original,4.749776
1,29,1,29,pytorch_original,7.908001
1,29,2,29,tensorrt_separable,3.635565
1,30,0,30,tensorrt_original,5.212436
1,30,1,30,tensorrt_separable,3.658801
1,30,2,30,pytorch_original,8.117537
1,31,0,31,tensorrt_separable,3.865347
1,31,1,31,pytorch_original,8.197312
1,31,2,31,tensorrt_original,3.792405
1,32,0,32,tensorrt_separable,2.805076
1,32,1,32,tensorrt_original,3.79318
1,32,2,32,pytorch_original,6.756677
1,33,0,33,tensorrt_original,3.772162
1,33,1,33,pytorch_original,6.795298
1,33,2,33,tensorrt_separable,2.758979
1,34,0,34,pytorch_original,6.886823
1,34,1,34,tensorrt_original,3.687228
1,34,2,34,tensorrt_separable,2.713967
1,35,0,35,tensorrt_original,3.774433
1,35,1,35,tensorrt_separable,2.72219
1,35,2,35,pytorch_original,6.851137
1,36,0,36,pytorch_original,7.031383
1,36,1,36,tensorrt_separable,2.759146
1,36,2,36,tensorrt_original,3.717057
1,37,0,37,tensorrt_separable,2.776969
1,37,1,37,pytorch_original,6.953102
1,37,2,37,tensorrt_original,3.846385
1,38,0,38,pytorch_original,6.886239
1,38,1,38,tensorrt_original,3.7777
1,38,2,38,tensorrt_separable,2.77405
1,39,0,39,tensorrt_original,3.723698
1,39,1,39,pytorch_original,6.859579
1,39,2,39,tensorrt_separable,2.688227
1,40,0,40,tensorrt_separable,2.726157
1,40,1,40,tensorrt_original,3.779817
1,40,2,40,pytorch_original,6.953903
1,41,0,41,pytorch_original,6.871674
1,41,1,41,tensorrt_separable,2.856484
1,41,2,41,tensorrt_original,3.708651
1,42,0,42,tensorrt_separable,2.757024
1,42,1,42,pytorch_original,6.817892
1,42,2,42,tensorrt_original,3.735593
1,43,0,43,tensorrt_separable,2.757503
1,43,1,43,pytorch_original,6.810803
1,43,2,43,tensorrt_original,3.776546
1,44,0,44,tensorrt_original,3.822399
1,44,1,44,tensorrt_separable,2.866693
1,44,2,44,pytorch_original,6.831554
1,45,0,45,tensorrt_separable,2.806622
1,45,1,45,tensorrt_original,3.864514
1,45,2,45,pytorch_original,6.834864
1,46,0,46,tensorrt_separable,2.724656
1,46,1,46,tensorrt_original,3.813148
1,46,2,46,pytorch_original,6.827399
1,47,0,47,tensorrt_separable,2.777366
1,47,1,47,pytorch_original,6.813642
1,47,2,47,tensorrt_original,3.730935
1,48,0,48,tensorrt_original,3.771756
1,48,1,48,tensorrt_separable,2.734578
1,48,2,48,pytorch_original,6.93379
1,49,0,49,tensorrt_separable,2.704144
1,49,1,49,pytorch_original,6.767513
1,49,2,49,tensorrt_original,3.717385
1,50,0,50,pytorch_original,6.851429
1,50,1,50,tensorrt_original,3.71428
1,50,2,50,tensorrt_separable,2.673217
1,51,0,51,pytorch_original,6.824251
1,51,1,51,tensorrt_original,3.758891
1,51,2,51,tensorrt_separable,2.640268
1,52,0,52,tensorrt_original,3.65891
1,52,1,52,pytorch_original,6.795133
1,52,2,52,tensorrt_separable,2.691418
1,53,0,53,pytorch_original,7.842547
1,53,1,53,tensorrt_original,4.116191
1,53,2,53,tensorrt_separable,2.954536
1,54,0,54,pytorch_original,6.94362
1,54,1,54,tensorrt_original,4.159706
1,54,2,54,tensorrt_separable,2.712195
1,55,0,55,pytorch_original,6.775868
1,55,1,55,tensorrt_separable,2.751449
1,55,2,55,tensorrt_original,3.719364
1,56,0,56,tensorrt_separable,2.680486
1,56,1,56,pytorch_original,6.835038
1,56,2,56,tensorrt_original,3.731459
1,57,0,57,pytorch_original,6.77251
1,57,1,57,tensorrt_original,3.838783
1,57,2,57,tensorrt_separable,2.694535
1,58,0,58,tensorrt_original,4.144497
1,58,1,58,pytorch_original,6.817058
1,58,2,58,tensorrt_separable,2.681154
1,59,0,59,pytorch_original,6.847623
1,59,1,59,tensorrt_separable,2.688075
1,59,2,59,tensorrt_original,3.944896
1,60,0,60,pytorch_original,7.696535
1,60,1,60,tensorrt_original,3.861627
1,60,2,60,tensorrt_separable,3.109052
1,61,0,61,pytorch_original,6.895582
1,61,1,61,tensorrt_separable,2.778056
1,61,2,61,tensorrt_original,3.727009
1,62,0,62,pytorch_original,6.913868
1,62,1,62,tensorrt_original,4.585333
1,62,2,62,tensorrt_separable,3.770595
1,63,0,63,tensorrt_separable,3.936389
1,63,1,63,pytorch_original,8.008331
1,63,2,63,tensorrt_original,4.504433
1,64,0,64,pytorch_original,8.0285
1,64,1,64,tensorrt_separable,3.837938
1,64,2,64,tensorrt_original,4.864766
1,65,0,65,tensorrt_separable,3.668674
1,65,1,65,pytorch_original,7.893035
1,65,2,65,tensorrt_original,4.593208
1,66,0,66,tensorrt_original,4.943843
1,66,1,66,pytorch_original,7.962307
1,66,2,66,tensorrt_separable,3.796337
1,67,0,67,tensorrt_original,4.985937
1,67,1,67,tensorrt_separable,3.811984
1,67,2,67,pytorch_original,8.165016
1,68,0,68,tensorrt_separable,3.807789
1,68,1,68,pytorch_original,8.215623
1,68,2,68,tensorrt_original,4.726982
1,69,0,69,tensorrt_separable,3.863693
1,69,1,69,tensorrt_original,4.847517
1,69,2,69,pytorch_original,8.352772
1,70,0,70,tensorrt_original,3.765682
1,70,1,70,tensorrt_separable,2.761541
1,70,2,70,pytorch_original,6.932893
1,71,0,71,tensorrt_original,3.727612
1,71,1,71,pytorch_original,6.811105
1,71,2,71,tensorrt_separable,2.657388
1,72,0,72,tensorrt_original,3.876298
1,72,1,72,tensorrt_separable,2.736634
1,72,2,72,pytorch_original,6.818385
1,73,0,73,pytorch_original,6.837212
1,73,1,73,tensorrt_original,3.772924
1,73,2,73,tensorrt_separable,2.890832
1,74,0,74,pytorch_original,6.789269
1,74,1,74,tensorrt_original,3.707939
1,74,2,74,tensorrt_separable,2.669069
1,75,0,75,tensorrt_separable,2.75553
1,75,1,75,tensorrt_original,3.801209
1,75,2,75,pytorch_original,6.980494
1,76,0,76,tensorrt_original,3.747509
1,76,1,76,pytorch_original,6.960494
1,76,2,76,tensorrt_separable,2.739385
1,77,0,77,tensorrt_separable,2.673079
1,77,1,77,tensorrt_original,3.729378
1,77,2,77,pytorch_original,6.808993
1,78,0,78,tensorrt_separable,2.731333
1,78,1,78,pytorch_original,6.869548
1,78,2,78,tensorrt_original,3.752874
1,79,0,79,pytorch_original,6.841302
1,79,1,79,tensorrt_separable,2.714314
1,79,2,79,tensorrt_original,3.744422
1,80,0,80,pytorch_original,6.886383
1,80,1,80,tensorrt_separable,2.723667
1,80,2,80,tensorrt_original,3.705033
1,81,0,81,pytorch_original,6.810778
1,81,1,81,tensorrt_separable,2.776538
1,81,2,81,tensorrt_original,3.718976
1,82,0,82,tensorrt_original,3.730893
1,82,1,82,pytorch_original,6.847312
1,82,2,82,tensorrt_separable,2.716528
1,83,0,0,tensorrt_original,3.749688
1,83,1,0,pytorch_original,6.912449
1,83,2,0,tensorrt_separable,2.70486
1,84,0,1,pytorch_original,7.209554
1,84,1,1,tensorrt_original,4.339869
1,84,2,1,tensorrt_separable,3.857244
1,85,0,2,pytorch_original,8.388105
1,85,1,2,tensorrt_separable,4.242572
1,85,2,2,tensorrt_original,4.586594
1,86,0,3,tensorrt_original,4.910854
1,86,1,3,tensorrt_separable,3.843917
1,86,2,3,pytorch_original,8.259566
1,87,0,4,tensorrt_original,4.694449
1,87,1,4,tensorrt_separable,3.228777
1,87,2,4,pytorch_original,6.959062
1,88,0,5,tensorrt_separable,2.76245
1,88,1,5,tensorrt_original,3.704506
1,88,2,5,pytorch_original,7.194823
1,89,0,6,tensorrt_separable,2.776852
1,89,1,6,tensorrt_original,4.189484
1,89,2,6,pytorch_original,6.864888
1,90,0,7,tensorrt_separable,3.132223
1,90,1,7,tensorrt_original,3.676405
1,90,2,7,pytorch_original,6.948552
1,91,0,8,tensorrt_separable,2.695884
1,91,1,8,tensorrt_original,3.973206
1,91,2,8,pytorch_original,6.886253
1,92,0,9,tensorrt_separable,2.746022
1,92,1,9,tensorrt_original,3.726462
1,92,2,9,pytorch_original,6.811048
1,93,0,10,pytorch_original,6.843682
1,93,1,10,tensorrt_separable,2.812235
1,93,2,10,tensorrt_original,3.726528
1,94,0,11,pytorch_original,6.79388
1,94,1,11,tensorrt_separable,2.736415
1,94,2,11,tensorrt_original,3.739571
1,95,0,12,tensorrt_separable,2.699766
1,95,1,12,tensorrt_original,3.735199
1,95,2,12,pytorch_original,6.77041
1,96,0,13,pytorch_original,6.887425
1,96,1,13,tensorrt_original,3.947799
1,96,2,13,tensorrt_separable,2.693798
1,97,0,14,tensorrt_separable,2.704338
1,97,1,14,tensorrt_original,3.813097
1,97,2,14,pytorch_original,6.769313
1,98,0,15,tensorrt_separable,2.825916
1,98,1,15,pytorch_original,6.783718
1,98,2,15,tensorrt_original,3.742503
1,99,0,16,tensorrt_separable,2.693015
1,99,1,16,tensorrt_original,3.781867
1,99,2,16,pytorch_original,6.754461
1,100,0,17,tensorrt_original,3.756057
1,100,1,17,tensorrt_separable,2.703744
1,100,2,17,pytorch_original,6.735679
1,101,0,18,tensorrt_separable,2.783692
1,101,1,18,pytorch_original,6.774032
1,101,2,18,tensorrt_original,3.721377
1,102,0,19,tensorrt_original,3.766074
1,102,1,19,tensorrt_separable,2.711224
1,102,2,19,pytorch_original,6.78401
1,103,0,20,tensorrt_separable,2.72672
1,103,1,20,pytorch_original,6.714126
1,103,2,20,tensorrt_original,3.713704
1,104,0,21,pytorch_original,6.758826
1,104,1,21,tensorrt_original,4.216245
1,104,2,21,tensorrt_separable,2.655048
1,105,0,22,tensorrt_original,3.739548
1,105,1,22,tensorrt_separable,2.701348
1,105,2,22,pytorch_original,6.755456
1,106,0,23,tensorrt_separable,2.718842
1,106,1,23,tensorrt_original,3.796377
1,106,2,23,pytorch_original,6.909461
1,107,0,24,tensorrt_original,3.733455
1,107,1,24,tensorrt_separable,2.727186
1,107,2,24,pytorch_original,6.744217
1,108,0,25,tensorrt_original,4.435128
1,108,1,25,tensorrt_separable,3.656171
1,108,2,25,pytorch_original,8.061067
1,109,0,26,tensorrt_original,4.599143
1,109,1,26,pytorch_original,8.374368
1,109,2,26,tensorrt_separable,3.314644
1,110,0,27,pytorch_original,6.831683
1,110,1,27,tensorrt_separable,2.69001
1,110,2,27,tensorrt_original,3.726978
1,111,0,28,tensorrt_original,4.048403
1,111,1,28,pytorch_original,6.841709
1,111,2,28,tensorrt_separable,2.63503
1,112,0,29,tensorrt_separable,2.68239
1,112,1,29,tensorrt_original,3.721621
1,112,2,29,pytorch_original,6.810978
1,113,0,30,tensorrt_separable,2.741594
1,113,1,30,pytorch_original,6.785666
1,113,2,30,tensorrt_original,3.6867
1,114,0,31,pytorch_original,6.751219
1,114,1,31,tensorrt_separable,2.753587
1,114,2,31,tensorrt_original,3.70759
1,115,0,32,tensorrt_separable,2.795333
1,115,1,32,tensorrt_original,3.672248
1,115,2,32,pytorch_original,6.871193
1,116,0,33,tensorrt_separable,2.760569
1,116,1,33,pytorch_original,6.809174
1,116,2,33,tensorrt_original,3.804338
1,117,0,34,tensorrt_original,3.767199
1,117,1,34,tensorrt_separable,2.650867
1,117,2,34,pytorch_original,6.773569
1,118,0,35,tensorrt_original,3.851482
1,118,1,35,pytorch_original,6.79994
1,118,2,35,tensorrt_separable,2.646998
1,119,0,36,tensorrt_original,3.76571
1,119,1,36,tensorrt_separable,2.737127
1,119,2,36,pytorch_original,6.793579
8,0,0,0,tensorrt_original,20.455543
8,0,1,0,tensorrt_separable,11.712117
8,0,2,0,pytorch_original,24.890965
8,1,0,1,pytorch_original,25.074219
8,1,1,1,tensorrt_original,21.37712
8,1,2,1,tensorrt_separable,13.202392
8,2,0,2,tensorrt_separable,12.959629
8,2,1,2,tensorrt_original,20.782414
8,2,2,2,pytorch_original,25.658035
8,3,0,3,pytorch_original,26.297812
8,3,1,3,tensorrt_original,21.227789
8,3,2,3,tensorrt_separable,12.398579
8,4,0,4,tensorrt_original,20.243903
8,4,1,4,pytorch_original,25.713132
8,4,2,4,tensorrt_separable,12.79947
8,5,0,5,pytorch_original,25.737028
8,5,1,5,tensorrt_original,20.783101
8,5,2,5,tensorrt_separable,13.251449
8,6,0,6,tensorrt_original,20.124133
8,6,1,6,tensorrt_separable,11.879908
8,6,2,6,pytorch_original,24.891174
8,7,0,7,tensorrt_original,20.015953
8,7,1,7,tensorrt_separable,12.00273
8,7,2,7,pytorch_original,25.033589
8,8,0,8,pytorch_original,24.976212
8,8,1,8,tensorrt_original,19.82664
8,8,2,8,tensorrt_separable,12.322907
8,9,0,9,pytorch_original,24.96539
8,9,1,9,tensorrt_separable,13.01283
8,9,2,9,tensorrt_original,20.877049
8,10,0,10,tensorrt_separable,12.978091
8,10,1,10,tensorrt_original,20.652346
8,10,2,10,pytorch_original,26.570487
8,11,0,0,pytorch_original,26.357728
8,11,1,0,tensorrt_separable,12.883707
8,11,2,0,tensorrt_original,20.891792
8,12,0,1,tensorrt_separable,13.163097
8,12,1,1,pytorch_original,25.952199
8,12,2,1,tensorrt_original,21.250725
8,13,0,2,tensorrt_original,20.924258
8,13,1,2,pytorch_original,25.861254
8,13,2,2,tensorrt_separable,11.787913
8,14,0,3,tensorrt_separable,11.666606
8,14,1,3,pytorch_original,24.883891
8,14,2,3,tensorrt_original,20.489607
8,15,0,4,tensorrt_original,20.708285
8,15,1,4,pytorch_original,26.094214
8,15,2,4,tensorrt_separable,12.660705
8,16,0,5,tensorrt_separable,12.873764
8,16,1,5,pytorch_original,25.26083
8,16,2,5,tensorrt_original,19.681873
8,17,0,6,pytorch_original,25.030808
8,17,1,6,tensorrt_separable,13.129749
8,17,2,6,tensorrt_original,20.853092
8,18,0,7,tensorrt_original,20.777205
8,18,1,7,tensorrt_separable,12.949369
8,18,2,7,pytorch_original,25.776728
8,19,0,8,tensorrt_original,21.232201
8,19,1,8,pytorch_original,26.86583
8,19,2,8,tensorrt_separable,12.485491
8,20,0,9,tensorrt_original,19.639531
8,20,1,9,pytorch_original,25.607151
8,20,2,9,tensorrt_separable,12.934295
8,21,0,10,pytorch_original,25.424652
8,21,1,10,tensorrt_separable,12.431001
8,21,2,10,tensorrt_original,19.718558
8,22,0,0,tensorrt_original,19.768814
8,22,1,0,pytorch_original,24.959308
8,22,2,0,tensorrt_separable,11.877042
8,23,0,1,pytorch_original,24.864052
8,23,1,1,tensorrt_original,20.761879
8,23,2,1,tensorrt_separable,12.885639
8,24,0,2,pytorch_original,25.772971
8,24,1,2,tensorrt_separable,13.178955
8,24,2,2,tensorrt_original,20.288007
8,25,0,3,pytorch_original,26.078162
8,25,1,3,tensorrt_separable,12.682005
8,25,2,3,tensorrt_original,20.741852
8,26,0,4,pytorch_original,25.766842
8,26,1,4,tensorrt_original,21.008478
8,26,2,4,tensorrt_separable,13.130785
8,27,0,5,tensorrt_separable,12.791458
8,27,1,5,pytorch_original,26.012386
8,27,2,5,tensorrt_original,20.751328
8,28,0,6,tensorrt_original,20.147968
8,28,1,6,pytorch_original,24.963627
8,28,2,6,tensorrt_separable,12.53896
8,29,0,7,tensorrt_original,19.797657
8,29,1,7,pytorch_original,25.154949
8,29,2,7,tensorrt_separable,11.900064
8,30,0,8,tensorrt_original,21.369539
8,30,1,8,tensorrt_separable,11.978407
8,30,2,8,pytorch_original,25.92222
8,31,0,9,tensorrt_separable,13.120178
8,31,1,9,pytorch_original,25.281279
8,31,2,9,tensorrt_original,19.791447
8,32,0,10,tensorrt_separable,11.864964
8,32,1,10,tensorrt_original,19.735897
8,32,2,10,pytorch_original,25.748591
8,33,0,0,tensorrt_original,20.620119
8,33,1,0,pytorch_original,26.074996
8,33,2,0,tensorrt_separable,12.526953
8,34,0,1,pytorch_original,25.473223
8,34,1,1,tensorrt_original,20.235311
8,34,2,1,tensorrt_separable,11.914695
8,35,0,2,tensorrt_original,20.212295
8,35,1,2,tensorrt_separable,12.203275
8,35,2,2,pytorch_original,25.049598
8,36,0,3,pytorch_original,25.888633
8,36,1,3,tensorrt_separable,13.043005
8,36,2,3,tensorrt_original,20.853164
8,37,0,4,tensorrt_separable,13.402431
8,37,1,4,pytorch_original,26.270509
8,37,2,4,tensorrt_original,21.020595
8,38,0,5,pytorch_original,26.183657
8,38,1,5,tensorrt_original,21.006755
8,38,2,5,tensorrt_separable,13.080697
8,39,0,6,tensorrt_original,21.454999
8,39,1,6,pytorch_original,25.686567
8,39,2,6,tensorrt_separable,12.065287
8,40,0,7,tensorrt_separable,11.921842
8,40,1,7,tensorrt_original,20.116686
8,40,2,7,pytorch_original,25.797557
8,41,0,8,pytorch_original,26.167167
8,41,1,8,tensorrt_separable,13.086189
8,41,2,8,tensorrt_original,20.323488
8,42,0,9,tensorrt_separable,11.929789
8,42,1,9,pytorch_original,25.230766
8,42,2,9,tensorrt_original,19.922243
8,43,0,10,tensorrt_separable,11.99486
8,43,1,10,pytorch_original,25.152331
8,43,2,10,tensorrt_original,20.065026
8,44,0,0,tensorrt_original,21.221278
8,44,1,0,tensorrt_separable,12.943356
8,44,2,0,pytorch_original,25.793065
8,45,0,1,tensorrt_separable,12.886462
8,45,1,1,tensorrt_original,20.778378
8,45,2,1,pytorch_original,24.93481
8,46,0,2,tensorrt_separable,12.021566
8,46,1,2,tensorrt_original,20.114988
8,46,2,2,pytorch_original,26.414692
8,47,0,3,tensorrt_separable,13.139039
8,47,1,3,pytorch_original,26.047485
8,47,2,3,tensorrt_original,21.124974
8,48,0,4,tensorrt_original,20.731471
8,48,1,4,tensorrt_separable,13.068533
8,48,2,4,pytorch_original,25.979825
8,49,0,5,tensorrt_separable,12.717199
8,49,1,5,pytorch_original,25.069029
8,49,2,5,tensorrt_original,19.909965
8,50,0,6,pytorch_original,25.209545
8,50,1,6,tensorrt_original,20.228551
8,50,2,6,tensorrt_separable,11.959399
8,51,0,7,pytorch_original,25.00501
8,51,1,7,tensorrt_original,20.83124
8,51,2,7,tensorrt_separable,12.992447
8,52,0,8,tensorrt_original,21.098001
8,52,1,8,pytorch_original,26.180116
8,52,2,8,tensorrt_separable,13.096308
8,53,0,9,pytorch_original,25.964216
8,53,1,9,tensorrt_original,20.952215
8,53,2,9,tensorrt_separable,13.079705
8,54,0,10,pytorch_original,25.832997
8,54,1,10,tensorrt_original,20.958141
8,54,2,10,tensorrt_separable,12.903857
8,55,0,0,pytorch_original,25.993581
8,55,1,0,tensorrt_separable,13.061648
8,55,2,0,tensorrt_original,20.679267
8,56,0,1,tensorrt_separable,13.338969
8,56,1,1,pytorch_original,26.852227
8,56,2,1,tensorrt_original,21.128474
8,57,0,2,pytorch_original,26.018195
8,57,1,2,tensorrt_original,20.888032
8,57,2,2,tensorrt_separable,12.500849
8,58,0,3,tensorrt_original,21.02874
8,58,1,3,pytorch_original,26.032938
8,58,2,3,tensorrt_separable,13.231309
8,59,0,4,pytorch_original,25.973321
8,59,1,4,tensorrt_separable,12.823244
8,59,2,4,tensorrt_original,20.785331
8,60,0,5,pytorch_original,25.941969
8,60,1,5,tensorrt_original,19.993803
8,60,2,5,tensorrt_separable,12.028618
8,61,0,6,pytorch_original,25.179573
8,61,1,6,tensorrt_separable,12.015459
8,61,2,6,tensorrt_original,20.02944
8,62,0,7,pytorch_original,26.152549
8,62,1,7,tensorrt_original,21.237467
8,62,2,7,tensorrt_separable,13.111247
8,63,0,8,tensorrt_separable,13.513354
8,63,1,8,pytorch_original,25.881057
8,63,2,8,tensorrt_original,20.863934
8,64,0,9,pytorch_original,25.854183
8,64,1,9,tensorrt_separable,12.924408
8,64,2,9,tensorrt_original,20.868168
8,65,0,10,tensorrt_separable,12.12031
8,65,1,10,pytorch_original,25.42448
8,65,2,10,tensorrt_original,19.738343
8,66,0,0,tensorrt_original,19.676885
8,66,1,0,pytorch_original,26.841596
8,66,2,0,tensorrt_separable,13.026434
8,67,0,1,tensorrt_original,21.109782
8,67,1,1,tensorrt_separable,13.233325
8,67,2,1,pytorch_original,25.972188
8,68,0,2,tensorrt_separable,13.039236
8,68,1,2,pytorch_original,25.937084
8,68,2,2,tensorrt_original,21.01843
8,69,0,3,tensorrt_separable,12.849765
8,69,1,3,tensorrt_original,20.807953
8,69,2,3,pytorch_original,25.900637
8,70,0,4,tensorrt_original,20.776221
8,70,1,4,tensorrt_separable,12.840251
8,70,2,4,pytorch_original,25.624819
8,71,0,5,tensorrt_original,20.666414
8,71,1,5,pytorch_original,26.07222
8,71,2,5,tensorrt_separable,11.842196
8,72,0,6,tensorrt_original,20.731361
8,72,1,6,tensorrt_separable,12.953656
8,72,2,6,pytorch_original,25.991362
8,73,0,7,pytorch_original,26.438455
8,73,1,7,tensorrt_original,20.999655
8,73,2,7,tensorrt_separable,13.064078
8,74,0,8,pytorch_original,26.121055
8,74,1,8,tensorrt_original,20.764409
8,74,2,8,tensorrt_separable,12.818945
8,75,0,9,tensorrt_separable,12.072408
8,75,1,9,tensorrt_original,19.762613
8,75,2,9,pytorch_original,24.989477
8,76,0,10,tensorrt_original,19.712774
8,76,1,10,pytorch_original,25.016342
8,76,2,10,tensorrt_separable,11.865072
8,77,0,0,tensorrt_separable,11.874465
8,77,1,0,tensorrt_original,19.999195
8,77,2,0,pytorch_original,25.057627
8,78,0,1,tensorrt_separable,12.777108
8,78,1,1,pytorch_original,25.863895
8,78,2,1,tensorrt_original,20.848634
8,79,0,2,pytorch_original,25.217346
8,79,1,2,tensorrt_separable,12.036245
8,79,2,2,tensorrt_original,19.981525
8,80,0,3,pytorch_original,24.963592
8,80,1,3,tensorrt_separable,12.629343
8,80,2,3,tensorrt_original,20.20121
8,81,0,4,pytorch_original,25.608452
8,81,1,4,tensorrt_separable,12.823872
8,81,2,4,tensorrt_original,20.911171
8,82,0,5,tensorrt_original,21.50957
8,82,1,5,pytorch_original,26.355639
8,82,2,5,tensorrt_separable,12.865097
8,83,0,6,tensorrt_original,20.19518
8,83,1,6,pytorch_original,25.137058
8,83,2,6,tensorrt_separable,12.787754
8,84,0,7,pytorch_original,26.750269
8,84,1,7,tensorrt_original,19.822604
8,84,2,7,tensorrt_separable,11.733867
8,85,0,8,pytorch_original,24.910598
8,85,1,8,tensorrt_separable,12.206131
8,85,2,8,tensorrt_original,19.96175
8,86,0,9,tensorrt_original,19.877504
8,86,1,9,tensorrt_separable,11.847538
8,86,2,9,pytorch_original,24.885119
8,87,0,10,tensorrt_original,20.067944
8,87,1,10,tensorrt_separable,11.828427
8,87,2,10,pytorch_original,24.852937
8,88,0,0,tensorrt_separable,11.831418
8,88,1,0,tensorrt_original,21.104253
8,88,2,0,pytorch_original,25.690257
8,89,0,1,tensorrt_separable,11.959731
8,89,1,1,tensorrt_original,19.81792
8,89,2,1,pytorch_original,24.946843
8,90,0,2,tensorrt_separable,13.256531
8,90,1,2,tensorrt_original,19.859009
8,90,2,2,pytorch_original,25.684741
8,91,0,3,tensorrt_separable,12.241328
8,91,1,3,tensorrt_original,20.001503
8,91,2,3,pytorch_original,25.153634
8,92,0,4,tensorrt_separable,12.089693
8,92,1,4,tensorrt_original,20.001446
8,92,2,4,pytorch_original,24.962267
8,93,0,5,pytorch_original,25.6524
8,93,1,5,tensorrt_separable,12.045902
8,93,2,5,tensorrt_original,20.174942
8,94,0,6,pytorch_original,25.383818
8,94,1,6,tensorrt_separable,12.329412
8,94,2,6,tensorrt_original,20.447173
8,95,0,7,tensorrt_separable,12.943617
8,95,1,7,tensorrt_original,20.069303
8,95,2,7,pytorch_original,25.445757
8,96,0,8,pytorch_original,25.290412
8,96,1,8,tensorrt_original,20.22954
8,96,2,8,tensorrt_separable,13.20958
8,97,0,9,tensorrt_separable,13.157389
8,97,1,9,tensorrt_original,21.319152
8,97,2,9,pytorch_original,26.89491
8,98,0,10,tensorrt_separable,13.441223
8,98,1,10,pytorch_original,26.482209
8,98,2,10,tensorrt_original,21.328743
8,99,0,0,tensorrt_separable,13.370533
8,99,1,0,tensorrt_original,21.140857
8,99,2,0,pytorch_original,27.235814
8,100,0,1,tensorrt_original,21.231834
8,100,1,1,tensorrt_separable,13.024238
8,100,2,1,pytorch_original,26.121871
8,101,0,2,tensorrt_separable,13.065636
8,101,1,2,pytorch_original,26.310163
8,101,2,2,tensorrt_original,21.275056
8,102,0,3,tensorrt_original,21.451477
8,102,1,3,tensorrt_separable,12.811877
8,102,2,3,pytorch_original,25.597919
8,103,0,4,tensorrt_separable,12.209965
8,103,1,4,pytorch_original,25.971884
8,103,2,4,tensorrt_original,20.376663
8,104,0,5,pytorch_original,25.537952
8,104,1,5,tensorrt_original,21.033286
8,104,2,5,tensorrt_separable,12.220118
8,105,0,6,tensorrt_original,20.403087
8,105,1,6,tensorrt_separable,12.769806
8,105,2,6,pytorch_original,26.828315
8,106,0,7,tensorrt_separable,13.166371
8,106,1,7,tensorrt_original,20.505631
8,106,2,7,pytorch_original,25.531542
8,107,0,8,tensorrt_original,21.763266
8,107,1,8,tensorrt_separable,13.357312
8,107,2,8,pytorch_original,26.490967
8,108,0,9,tensorrt_original,21.504874
8,108,1,9,tensorrt_separable,13.93592
8,108,2,9,pytorch_original,26.435533
8,109,0,10,tensorrt_original,20.432598
8,109,1,10,pytorch_original,25.364734
8,109,2,10,tensorrt_separable,12.11211
8,110,0,0,pytorch_original,25.587094
8,110,1,0,tensorrt_separable,12.221872
8,110,2,0,tensorrt_original,20.489592
8,111,0,1,tensorrt_original,20.236806
8,111,1,1,pytorch_original,25.739771
8,111,2,1,tensorrt_separable,11.940227
8,112,0,2,tensorrt_separable,11.997014
8,112,1,2,tensorrt_original,20.264366
8,112,2,2,pytorch_original,25.742391
8,113,0,3,tensorrt_separable,13.193494
8,113,1,3,pytorch_original,26.458191
8,113,2,3,tensorrt_original,21.885788
8,114,0,4,pytorch_original,26.815917
8,114,1,4,tensorrt_separable,12.605209
8,114,2,4,tensorrt_original,20.545338
8,115,0,5,tensorrt_separable,12.3045
8,115,1,5,tensorrt_original,20.220254
8,115,2,5,pytorch_original,25.373701
8,116,0,6,tensorrt_separable,12.129452
8,116,1,6,pytorch_original,26.323578
8,116,2,6,tensorrt_original,21.571692
8,117,0,7,tensorrt_original,22.57028
8,117,1,7,tensorrt_separable,13.33001
8,117,2,7,pytorch_original,25.919813
8,118,0,8,tensorrt_original,20.340412
8,118,1,8,pytorch_original,25.470559
8,118,2,8,tensorrt_separable,11.947308
8,119,0,9,tensorrt_original,19.984777
8,119,1,9,tensorrt_separable,11.938768
8,119,2,9,pytorch_original,25.565057
