batch_size,round,position,input_batch_index,backend,latency_ms
1,0,0,0,onnx_iobinding,7.47983
1,0,1,0,tensorrt_fp32,3.789091
1,0,2,0,pytorch,7.442554
1,1,0,1,pytorch,7.083211
1,1,1,1,onnx_iobinding,6.819918
1,1,2,1,tensorrt_fp32,3.914632
1,2,0,2,tensorrt_fp32,4.671709
1,2,1,2,onnx_iobinding,7.587878
1,2,2,2,pytorch,8.351983
1,3,0,3,pytorch,7.944187
1,3,1,3,onnx_iobinding,7.553646
1,3,2,3,tensorrt_fp32,4.740376
1,4,0,4,onnx_iobinding,7.789559
1,4,1,4,pytorch,9.138672
1,4,2,4,tensorrt_fp32,4.722687
1,5,0,5,pytorch,8.46271
1,5,1,5,onnx_iobinding,7.765224
1,5,2,5,tensorrt_fp32,5.271131
1,6,0,6,onnx_iobinding,7.900803
1,6,1,6,tensorrt_fp32,4.335955
1,6,2,6,pytorch,6.923716
1,7,0,7,onnx_iobinding,6.713839
1,7,1,7,tensorrt_fp32,4.145889
1,7,2,7,pytorch,6.832584
1,8,0,8,pytorch,7.246522
1,8,1,8,onnx_iobinding,6.905461
1,8,2,8,tensorrt_fp32,3.815096
1,9,0,9,pytorch,7.009698
1,9,1,9,tensorrt_fp32,3.849251
1,9,2,9,onnx_iobinding,6.649584
1,10,0,10,tensorrt_fp32,4.013124
1,10,1,10,onnx_iobinding,6.786054
1,10,2,10,pytorch,7.219986
1,11,0,11,pytorch,6.788137
1,11,1,11,tensorrt_fp32,3.816627
1,11,2,11,onnx_iobinding,6.846108
1,12,0,12,tensorrt_fp32,3.783725
1,12,1,12,pytorch,6.834219
1,12,2,12,onnx_iobinding,6.673614
1,13,0,13,onnx_iobinding,6.698434
1,13,1,13,pytorch,6.925299
1,13,2,13,tensorrt_fp32,3.774403
1,14,0,14,tensorrt_fp32,3.864477
1,14,1,14,pytorch,6.84362
1,14,2,14,onnx_iobinding,6.746009
1,15,0,15,onnx_iobinding,6.789231
1,15,1,15,pytorch,7.056494
1,15,2,15,tensorrt_fp32,3.747038
1,16,0,16,tensorrt_fp32,3.84463
1,16,1,16,pytorch,8.12765
1,16,2,16,onnx_iobinding,8.065553
1,17,0,17,pytorch,7.630356
1,17,1,17,tensorrt_fp32,4.420783
1,17,2,17,onnx_iobinding,7.758214
1,18,0,18,onnx_iobinding,8.600837
1,18,1,18,tensorrt_fp32,4.318727
1,18,2,18,pytorch,7.797591
1,19,0,19,onnx_iobinding,7.741795
1,19,1,19,pytorch,9.295924
1,19,2,19,tensorrt_fp32,5.979582
1,20,0,20,onnx_iobinding,9.594213
1,20,1,20,pytorch,10.026543
1,20,2,20,tensorrt_fp32,5.652676
1,21,0,21,pytorch,9.589323
1,21,1,21,tensorrt_fp32,5.890023
1,21,2,21,onnx_iobinding,8.574536
1,22,0,22,onnx_iobinding,9.125205
1,22,1,22,pytorch,7.941276
1,22,2,22,tensorrt_fp32,4.769753
1,23,0,23,pytorch,8.039541
1,23,1,23,onnx_iobinding,7.520915
1,23,2,23,tensorrt_fp32,4.094226
1,24,0,24,pytorch,7.38459
1,24,1,24,tensorrt_fp32,4.230577
1,24,2,24,onnx_iobinding,7.881421
1,25,0,25,pytorch,7.462831
1,25,1,25,tensorrt_fp32,3.881793
1,25,2,25,onnx_iobinding,6.999985
1,26,0,26,pytorch,6.8676
1,26,1,26,onnx_iobinding,6.806702
1,26,2,26,tensorrt_fp32,3.881717
1,27,0,27,tensorrt_fp32,3.797514
1,27,1,27,pytorch,7.036159
1,27,2,27,onnx_iobinding,6.805078
1,28,0,28,onnx_iobinding,6.821574
1,28,1,28,pytorch,6.848899
1,28,2,28,tensorrt_fp32,3.768124
1,29,0,29,onnx_iobinding,6.626497
1,29,1,29,pytorch,7.417436
1,29,2,29,tensorrt_fp32,3.839606
1,30,0,30,onnx_iobinding,8.694071
1,30,1,30,tensorrt_fp32,4.972726
1,30,2,30,pytorch,8.636472
1,31,0,31,tensorrt_fp32,4.878549
1,31,1,31,pytorch,8.66634
1,31,2,31,onnx_iobinding,7.682595
1,32,0,32,tensorrt_fp32,4.683512
1,32,1,32,onnx_iobinding,7.898187
1,32,2,32,pytorch,8.310419
1,33,0,33,onnx_iobinding,6.796756
1,33,1,33,pytorch,6.924186
1,33,2,33,tensorrt_fp32,3.806554
1,34,0,34,pytorch,6.806824
1,34,1,34,onnx_iobinding,6.819814
1,34,2,34,tensorrt_fp32,3.824631
1,35,0,35,onnx_iobinding,6.745264
1,35,1,35,tensorrt_fp32,3.78954
1,35,2,35,pytorch,6.973063
1,36,0,36,pytorch,7.044658
1,36,1,36,tensorrt_fp32,4.147267
1,36,2,36,onnx_iobinding,6.801349
1,37,0,37,tensorrt_fp32,3.940498
1,37,1,37,pytorch,6.946804
1,37,2,37,onnx_iobinding,6.72877
1,38,0,38,pytorch,6.89774
1,38,1,38,onnx_iobinding,6.753772
1,38,2,38,tensorrt_fp32,3.977277
1,39,0,39,onnx_iobinding,6.964738
1,39,1,39,pytorch,6.852218
1,39,2,39,tensorrt_fp32,3.805351
1,40,0,40,tensorrt_fp32,3.807746
1,40,1,40,onnx_iobinding,6.767795
1,40,2,40,pytorch,6.940741
1,41,0,41,pytorch,7.016781
1,41,1,41,tensorrt_fp32,3.815446
1,41,2,41,onnx_iobinding,6.808848
1,42,0,42,tensorrt_fp32,3.777035
1,42,1,42,pytorch,6.916834
1,42,2,42,onnx_iobinding,6.741859
1,43,0,43,tensorrt_fp32,3.894359
1,43,1,43,pytorch,6.890779
1,43,2,43,onnx_iobinding,6.70761
1,44,0,44,onnx_iobinding,6.683395
1,44,1,44,tensorrt_fp32,3.801084
1,44,2,44,pytorch,6.863134
1,45,0,45,tensorrt_fp32,3.919759
1,45,1,45,onnx_iobinding,6.710959
1,45,2,45,pytorch,6.864288
1,46,0,46,tensorrt_fp32,3.760839
1,46,1,46,onnx_iobinding,6.694583
1,46,2,46,pytorch,6.790965
1,47,0,47,tensorrt_fp32,3.7654
1,47,1,47,pytorch,6.792469
1,47,2,47,onnx_iobinding,6.760817
1,48,0,48,onnx_iobinding,6.877014
1,48,1,48,tensorrt_fp32,3.770173
1,48,2,48,pytorch,6.806511
1,49,0,49,tensorrt_fp32,3.765694
1,49,1,49,pytorch,6.909195
1,49,2,49,onnx_iobinding,6.791484
1,50,0,50,pytorch,6.789916
1,50,1,50,onnx_iobinding,6.745404
1,50,2,50,tensorrt_fp32,4.13922
1,51,0,51,pytorch,7.082033
1,51,1,51,onnx_iobinding,6.822673
1,51,2,51,tensorrt_fp32,3.858021
1,52,0,52,onnx_iobinding,7.509161
1,52,1,52,pytorch,8.023102
1,52,2,52,tensorrt_fp32,5.019414
1,53,0,53,pytorch,7.916585
1,53,1,53,onnx_iobinding,7.571588
1,53,2,53,tensorrt_fp32,4.714306
1,54,0,54,pytorch,7.946281
1,54,1,54,onnx_iobinding,7.713117
1,54,2,54,tensorrt_fp32,4.791646
1,55,0,55,pytorch,8.659773
1,55,1,55,tensorrt_fp32,4.773718
1,55,2,55,onnx_iobinding,7.794508
1,56,0,56,tensorrt_fp32,4.928866
1,56,1,56,pytorch,8.2601
1,56,2,56,onnx_iobinding,7.983575
1,57,0,57,pytorch,8.213762
1,57,1,57,onnx_iobinding,7.787873
1,57,2,57,tensorrt_fp32,5.09296
1,58,0,58,onnx_iobinding,7.775668
1,58,1,58,pytorch,8.23915
1,58,2,58,tensorrt_fp32,4.304618
1,59,0,59,pytorch,8.399028
1,59,1,59,tensorrt_fp32,4.531468
1,59,2,59,onnx_iobinding,7.63085
1,60,0,60,pytorch,8.726844
1,60,1,60,onnx_iobinding,7.740471
1,60,2,60,tensorrt_fp32,4.79589
1,61,0,61,pytorch,8.441917
1,61,1,61,tensorrt_fp32,4.879368
1,61,2,61,onnx_iobinding,7.635814
1,62,0,62,pytorch,7.944789
1,62,1,62,onnx_iobinding,8.583288
1,62,2,62,tensorrt_fp32,4.652096
1,63,0,63,tensorrt_fp32,4.604546
1,63,1,63,pytorch,8.304274
1,63,2,63,onnx_iobinding,7.518753
1,64,0,64,pytorch,8.705776
1,64,1,64,tensorrt_fp32,4.658322
1,64,2,64,onnx_iobinding,7.920584
1,65,0,65,tensorrt_fp32,4.711138
1,65,1,65,pytorch,8.013304
1,65,2,65,onnx_iobinding,7.716971
1,66,0,66,onnx_iobinding,7.031324
1,66,1,66,pytorch,6.893146
1,66,2,66,tensorrt_fp32,3.846754
1,67,0,67,onnx_iobinding,6.78241
1,67,1,67,tensorrt_fp32,3.81264
1,67,2,67,pytorch,6.888486
1,68,0,68,tensorrt_fp32,3.816418
1,68,1,68,pytorch,6.800261
1,68,2,68,onnx_iobinding,6.779113
1,69,0,69,tensorrt_fp32,3.881283
1,69,1,69,onnx_iobinding,6.713603
1,69,2,69,pytorch,6.79188
1,70,0,70,onnx_iobinding,6.694848
1,70,1,70,tensorrt_fp32,3.786451
1,70,2,70,pytorch,7.024332
1,71,0,71,onnx_iobinding,6.843991
1,71,1,71,pytorch,6.911819
1,71,2,71,tensorrt_fp32,3.904953
1,72,0,72,onnx_iobinding,6.692565
1,72,1,72,tensorrt_fp32,3.782698
1,72,2,72,pytorch,6.865106
1,73,0,73,pytorch,6.959758
1,73,1,73,onnx_iobinding,6.766073
1,73,2,73,tensorrt_fp32,3.819286
1,74,0,74,pytorch,6.888054
1,74,1,74,onnx_iobinding,6.731668
1,74,2,74,tensorrt_fp32,3.760739
1,75,0,75,tensorrt_fp32,3.731949
1,75,1,75,onnx_iobinding,6.725856
1,75,2,75,pytorch,6.823604
1,76,0,76,onnx_iobinding,6.825908
1,76,1,76,pytorch,6.926901
1,76,2,76,tensorrt_fp32,3.874043
1,77,0,77,tensorrt_fp32,3.857516
1,77,1,77,onnx_iobinding,6.709429
1,77,2,77,pytorch,6.837326
1,78,0,78,tensorrt_fp32,3.764927
1,78,1,78,pytorch,6.816154
1,78,2,78,onnx_iobinding,6.778486
1,79,0,79,pytorch,6.845818
1,79,1,79,tensorrt_fp32,3.822301
1,79,2,79,onnx_iobinding,6.676283
1,80,0,80,pytorch,6.798703
1,80,1,80,tensorrt_fp32,3.815924
1,80,2,80,onnx_iobinding,6.69775
1,81,0,81,pytorch,6.83957
1,81,1,81,tensorrt_fp32,3.739983
1,81,2,81,onnx_iobinding,6.692009
1,82,0,82,onnx_iobinding,6.799742
1,82,1,82,pytorch,6.907495
1,82,2,82,tensorrt_fp32,3.775293
1,83,0,0,onnx_iobinding,6.726874
1,83,1,0,pytorch,6.89322
1,83,2,0,tensorrt_fp32,3.744842
1,84,0,1,pytorch,6.895959
1,84,1,1,onnx_iobinding,6.682738
1,84,2,1,tensorrt_fp32,3.720443
1,85,0,2,pytorch,6.871033
1,85,1,2,tensorrt_fp32,3.767716
1,85,2,2,onnx_iobinding,6.740388
1,86,0,3,onnx_iobinding,6.684312
1,86,1,3,tensorrt_fp32,3.794936
1,86,2,3,pytorch,6.832772
1,87,0,4,onnx_iobinding,6.667817
1,87,1,4,tensorrt_fp32,3.764505
1,87,2,4,pytorch,6.860782
1,88,0,5,tensorrt_fp32,3.714426
1,88,1,5,onnx_iobinding,7.097941
1,88,2,5,pytorch,6.870041
1,89,0,6,tensorrt_fp32,3.752392
1,89,1,6,onnx_iobinding,6.768513
1,89,2,6,pytorch,7.20288
1,90,0,7,tensorrt_fp32,4.552187
1,90,1,7,onnx_iobinding,7.168403
1,90,2,7,pytorch,6.933021
1,91,0,8,tensorrt_fp32,3.795266
1,91,1,8,onnx_iobinding,6.726845
1,91,2,8,pytorch,6.803651
1,92,0,9,tensorrt_fp32,3.812269
1,92,1,9,onnx_iobinding,6.867979
1,92,2,9,pytorch,6.790236
1,93,0,10,pytorch,6.829276
1,93,1,10,tensorrt_fp32,3.774182
1,93,2,10,onnx_iobinding,7.071472
1,94,0,11,pytorch,6.851934
1,94,1,11,tensorrt_fp32,3.835765
1,94,2,11,onnx_iobinding,7.839598
1,95,0,12,tensorrt_fp32,4.607702
1,95,1,12,onnx_iobinding,8.168695
1,95,2,12,pytorch,8.161297
1,96,0,13,pytorch,8.183188
1,96,1,13,onnx_iobinding,7.587384
1,96,2,13,tensorrt_fp32,4.716022
1,97,0,14,tensorrt_fp32,4.70915
1,97,1,14,onnx_iobinding,7.627307
1,97,2,14,pytorch,7.162344
1,98,0,15,tensorrt_fp32,3.801511
1,98,1,15,pytorch,6.825849
1,98,2,15,onnx_iobinding,6.754994
1,99,0,16,tensorrt_fp32,3.804837
1,99,1,16,onnx_iobinding,6.712063
1,99,2,16,pytorch,6.94439
1,100,0,17,onnx_iobinding,6.695065
1,100,1,17,tensorrt_fp32,3.763044
1,100,2,17,pytorch,6.861591
1,101,0,18,tensorrt_fp32,3.748184
1,101,1,18,pytorch,6.840649
1,101,2,18,onnx_iobinding,6.746004
1,102,0,19,onnx_iobinding,6.728498
1,102,1,19,tensorrt_fp32,3.756588
1,102,2,19,pytorch,6.78797
1,103,0,20,tensorrt_fp32,3.728364
1,103,1,20,pytorch,6.753664
1,103,2,20,onnx_iobinding,6.680333
1,104,0,21,pytorch,6.813822
1,104,1,21,onnx_iobinding,6.760103
1,104,2,21,tensorrt_fp32,3.720565
1,105,0,22,onnx_iobinding,6.676557
1,105,1,22,tensorrt_fp32,3.799491
1,105,2,22,pytorch,7.238532
1,106,0,23,tensorrt_fp32,3.997356
1,106,1,23,onnx_iobinding,6.719026
1,106,2,23,pytorch,6.8476
1,107,0,24,onnx_iobinding,6.636116
1,107,1,24,tensorrt_fp32,3.73481
1,107,2,24,pytorch,6.858617
1,108,0,25,onnx_iobinding,6.825005
1,108,1,25,tensorrt_fp32,3.799957
1,108,2,25,pytorch,6.774159
1,109,0,26,onnx_iobinding,6.698726
1,109,1,26,pytorch,6.81987
1,109,2,26,tensorrt_fp32,3.838928
1,110,0,27,pytorch,6.801984
1,110,1,27,tensorrt_fp32,3.716042
1,110,2,27,onnx_iobinding,6.772866
1,111,0,28,onnx_iobinding,7.65476
1,111,1,28,pytorch,8.052495
1,111,2,28,tensorrt_fp32,4.785615
1,112,0,29,tensorrt_fp32,4.759393
1,112,1,29,onnx_iobinding,8.029138
1,112,2,29,pytorch,8.104979
1,113,0,30,tensorrt_fp32,4.66066
1,113,1,30,pytorch,8.06197
1,113,2,30,onnx_iobinding,7.609588
1,114,0,31,pytorch,8.308126
1,114,1,31,tensorrt_fp32,4.855234
1,114,2,31,onnx_iobinding,7.550834
1,115,0,32,tensorrt_fp32,4.756016
1,115,1,32,onnx_iobinding,7.722729
1,115,2,32,pytorch,8.484122
1,116,0,33,tensorrt_fp32,4.738134
1,116,1,33,pytorch,7.900041
1,116,2,33,onnx_iobinding,7.6297
1,117,0,34,onnx_iobinding,7.97898
1,117,1,34,tensorrt_fp32,4.660587
1,117,2,34,pytorch,7.56053
1,118,0,35,onnx_iobinding,6.685826
1,118,1,35,pytorch,6.932843
1,118,2,35,tensorrt_fp32,3.730916
1,119,0,36,onnx_iobinding,6.676092
1,119,1,36,tensorrt_fp32,3.7398
1,119,2,36,pytorch,6.763421
8,0,0,0,onnx_iobinding,26.518305
8,0,1,0,tensorrt_fp32,21.804619
8,0,2,0,pytorch,26.700935
8,1,0,1,pytorch,26.096387
8,1,1,1,onnx_iobinding,26.099706
8,1,2,1,tensorrt_fp32,21.074681
8,2,0,2,tensorrt_fp32,21.097955
8,2,1,2,onnx_iobinding,26.048998
8,2,2,2,pytorch,24.897584
8,3,0,3,pytorch,25.158514
8,3,1,3,onnx_iobinding,25.337532
8,3,2,3,tensorrt_fp32,20.163526
8,4,0,4,onnx_iobinding,25.05434
8,4,1,4,pytorch,25.185191
8,4,2,4,tensorrt_fp32,20.838634
8,5,0,5,pytorch,26.018021
8,5,1,5,onnx_iobinding,26.133666
8,5,2,5,tensorrt_fp32,21.141048
8,6,0,6,onnx_iobinding,25.386937
8,6,1,6,tensorrt_fp32,19.976669
8,6,2,6,pytorch,25.175932
8,7,0,7,onnx_iobinding,25.173057
8,7,1,7,tensorrt_fp32,20.740933
8,7,2,7,pytorch,27.078454
8,8,0,8,pytorch,25.408096
8,8,1,8,onnx_iobinding,26.105907
8,8,2,8,tensorrt_fp32,20.923666
8,9,0,9,pytorch,25.860449
8,9,1,9,tensorrt_fp32,20.792545
8,9,2,9,onnx_iobinding,25.394954
8,10,0,10,tensorrt_fp32,19.971487
8,10,1,10,onnx_iobinding,25.768611
8,10,2,10,pytorch,25.682377
8,11,0,0,pytorch,25.073245
8,11,1,0,tensorrt_fp32,20.149422
8,11,2,0,onnx_iobinding,25.255025
8,12,0,1,tensorrt_fp32,20.047456
8,12,1,1,pytorch,25.052425
8,12,2,1,onnx_iobinding,25.002375
8,13,0,2,onnx_iobinding,25.28002
8,13,1,2,pytorch,25.202897
8,13,2,2,tensorrt_fp32,20.086594
8,14,0,3,tensorrt_fp32,20.000632
8,14,1,3,pytorch,25.157318
8,14,2,3,onnx_iobinding,25.143273
8,15,0,4,onnx_iobinding,25.76986
8,15,1,4,pytorch,25.941308
8,15,2,4,tensorrt_fp32,20.450374
8,16,0,5,tensorrt_fp32,20.192238
8,16,1,5,pytorch,25.312842
8,16,2,5,onnx_iobinding,25.062895
8,17,0,6,pytorch,25.401324
8,17,1,6,tensorrt_fp32,21.028675
8,17,2,6,onnx_iobinding,25.949034
8,18,0,7,onnx_iobinding,25.951613
8,18,1,7,tensorrt_fp32,20.968322
8,18,2,7,pytorch,26.03125
8,19,0,8,onnx_iobinding,26.233957
8,19,1,8,pytorch,26.13972
8,19,2,8,tensorrt_fp32,20.099058
8,20,0,9,onnx_iobinding,25.115981
8,20,1,9,pytorch,25.160861
8,20,2,9,tensorrt_fp32,20.359737
8,21,0,10,pytorch,25.151609
8,21,1,10,tensorrt_fp32,21.108062
8,21,2,10,onnx_iobinding,25.94854
8,22,0,0,onnx_iobinding,26.18015
8,22,1,0,pytorch,25.307383
8,22,2,0,tensorrt_fp32,19.968388
8,23,0,1,pytorch,26.083264
8,23,1,1,onnx_iobinding,26.057584
8,23,2,1,tensorrt_fp32,20.981734
8,24,0,2,pytorch,26.204828
8,24,1,2,tensorrt_fp32,20.367914
8,24,2,2,onnx_iobinding,24.880337
8,25,0,3,pytorch,25.407601
8,25,1,3,tensorrt_fp32,20.280578
8,25,2,3,onnx_iobinding,25.177771
8,26,0,4,pytorch,25.206952
8,26,1,4,onnx_iobinding,24.957602
8,26,2,4,tensorrt_fp32,19.942311
8,27,0,5,tensorrt_fp32,19.996655
8,27,1,5,pytorch,25.024567
8,27,2,5,onnx_iobinding,25.142921
8,28,0,6,onnx_iobinding,24.841008
8,28,1,6,pytorch,24.884546
8,28,2,6,tensorrt_fp32,19.935228
8,29,0,7,onnx_iobinding,25.033034
8,29,1,7,pytorch,25.536891
8,29,2,7,tensorrt_fp32,19.856397
8,30,0,8,onnx_iobinding,25.925849
8,30,1,8,tensorrt_fp32,19.91367
8,30,2,8,pytorch,25.743133
8,31,0,9,tensorrt_fp32,20.091176
8,31,1,9,pytorch,25.04126
8,31,2,9,onnx_iobinding,25.205706
8,32,0,10,tensorrt_fp32,19.922567
8,32,1,10,onnx_iobinding,26.137247
8,32,2,10,pytorch,26.016829
8,33,0,0,onnx_iobinding,26.027258
8,33,1,0,pytorch,25.51372
8,33,2,0,tensorrt_fp32,20.383757
8,34,0,1,pytorch,25.209951
8,34,1,1,onnx_iobinding,25.840625
8,34,2,1,tensorrt_fp32,19.910974
8,35,0,2,onnx_iobinding,25.89774
8,35,1,2,tensorrt_fp32,21.137218
8,35,2,2,pytorch,26.182352
8,36,0,3,pytorch,26.25675
8,36,1,3,tensorrt_fp32,21.895966
8,36,2,3,onnx_iobinding,26.145293
8,37,0,4,tensorrt_fp32,19.96955
8,37,1,4,pytorch,25.031369
8,37,2,4,onnx_iobinding,24.955935
8,38,0,5,pytorch,26.120271
8,38,1,5,onnx_iobinding,26.536175
8,38,2,5,tensorrt_fp32,21.09094
8,39,0,6,onnx_iobinding,26.936441
8,39,1,6,pytorch,25.349358
8,39,2,6,tensorrt_fp32,20.100597
8,40,0,7,tensorrt_fp32,19.942663
8,40,1,7,onnx_iobinding,25.146829
8,40,2,7,pytorch,25.702802
8,41,0,8,pytorch,26.159945
8,41,1,8,tensorrt_fp32,20.616645
8,41,2,8,onnx_iobinding,25.02242
8,42,0,9,tensorrt_fp32,20.050564
8,42,1,9,pytorch,25.632155
8,42,2,9,onnx_iobinding,25.174448
8,43,0,10,tensorrt_fp32,19.998822
8,43,1,10,pytorch,24.972739
8,43,2,10,onnx_iobinding,25.613535
8,44,0,0,onnx_iobinding,25.022611
8,44,1,0,tensorrt_fp32,20.034031
8,44,2,0,pytorch,25.008446
8,45,0,1,tensorrt_fp32,20.355569
8,45,1,1,onnx_iobinding,25.436202
8,45,2,1,pytorch,25.72053
8,46,0,2,tensorrt_fp32,20.513637
8,46,1,2,onnx_iobinding,25.666983
8,46,2,2,pytorch,26.01171
8,47,0,3,tensorrt_fp32,20.148252
8,47,1,3,pytorch,25.2605
8,47,2,3,onnx_iobinding,25.410188
8,48,0,4,onnx_iobinding,25.098196
8,48,1,4,tensorrt_fp32,19.934383
8,48,2,4,pytorch,25.174567
8,49,0,5,tensorrt_fp32,19.982031
8,49,1,5,pytorch,25.086088
8,49,2,5,onnx_iobinding,25.993811
8,50,0,6,pytorch,25.826385
8,50,1,6,onnx_iobinding,26.367765
8,50,2,6,tensorrt_fp32,21.774307
8,51,0,7,pytorch,26.271708
8,51,1,7,onnx_iobinding,26.25001
8,51,2,7,tensorrt_fp32,20.853978
8,52,0,8,onnx_iobinding,25.920895
8,52,1,8,pytorch,26.084003
8,52,2,8,tensorrt_fp32,21.312383
8,53,0,9,pytorch,26.051976
8,53,1,9,onnx_iobinding,26.659636
8,53,2,9,tensorrt_fp32,21.076086
8,54,0,10,pytorch,26.281826
8,54,1,10,onnx_iobinding,26.217953
8,54,2,10,tensorrt_fp32,20.936069
8,55,0,0,pytorch,26.736093
8,55,1,0,tensorrt_fp32,20.587665
8,55,2,0,onnx_iobinding,25.912455
8,56,0,1,tensorrt_fp32,20.310668
8,56,1,1,pytorch,25.128843
8,56,2,1,onnx_iobinding,25.199676
8,57,0,2,pytorch,26.224525
8,57,1,2,onnx_iobinding,25.964238
8,57,2,2,tensorrt_fp32,21.286906
8,58,0,3,onnx_iobinding,26.226316
8,58,1,3,pytorch,26.245798
8,58,2,3,tensorrt_fp32,20.947139
8,59,0,4,pytorch,25.99657
8,59,1,4,tensorrt_fp32,20.882142
8,59,2,4,onnx_iobinding,26.120533
8,60,0,5,pytorch,26.459419
8,60,1,5,onnx_iobinding,26.202254
8,60,2,5,tensorrt_fp32,21.458597
8,61,0,6,pytorch,26.179612
8,61,1,6,tensorrt_fp32,20.227433
8,61,2,6,onnx_iobinding,25.315809
8,62,0,7,pytorch,25.682107
8,62,1,7,onnx_iobinding,25.150449
8,62,2,7,tensorrt_fp32,20.136159
8,63,0,8,tensorrt_fp32,20.807787
8,63,1,8,pytorch,25.156907
8,63,2,8,onnx_iobinding,25.936484
8,64,0,9,pytorch,26.200601
8,64,1,9,tensorrt_fp32,21.209487
8,64,2,9,onnx_iobinding,26.850142
8,65,0,10,tensorrt_fp32,21.180882
8,65,1,10,pytorch,26.147941
8,65,2,10,onnx_iobinding,25.255894
8,66,0,0,onnx_iobinding,25.181653
8,66,1,0,pytorch,26.361922
8,66,2,0,tensorrt_fp32,20.982382
8,67,0,1,onnx_iobinding,25.326741
8,67,1,1,tensorrt_fp32,20.03846
8,67,2,1,pytorch,25.176851
8,68,0,2,tensorrt_fp32,21.821006
8,68,1,2,pytorch,26.245312
8,68,2,2,onnx_iobinding,25.866825
8,69,0,3,tensorrt_fp32,20.04906
8,69,1,3,onnx_iobinding,25.468134
8,69,2,3,pytorch,27.093428
8,70,0,4,onnx_iobinding,26.295684
8,70,1,4,tensorrt_fp32,21.372416
8,70,2,4,pytorch,26.147976
8,71,0,5,onnx_iobinding,26.259794
8,71,1,5,pytorch,25.952452
8,71,2,5,tensorrt_fp32,21.241341
8,72,0,6,onnx_iobinding,26.008183
8,72,1,6,tensorrt_fp32,20.251533
8,72,2,6,pytorch,25.348613
8,73,0,7,pytorch,26.040046
8,73,1,7,onnx_iobinding,26.095432
8,73,2,7,tensorrt_fp32,20.998574
8,74,0,8,pytorch,25.944118
8,74,1,8,onnx_iobinding,26.392632
8,74,2,8,tensorrt_fp32,20.828573
8,75,0,9,tensorrt_fp32,21.00894
8,75,1,9,onnx_iobinding,26.923165
8,75,2,9,pytorch,25.849088
8,76,0,10,onnx_iobinding,26.046582
8,76,1,10,pytorch,25.491472
8,76,2,10,tensorrt_fp32,21.560951
8,77,0,0,tensorrt_fp32,21.197263
8,77,1,0,onnx_iobinding,26.144319
8,77,2,0,pytorch,26.137277
8,78,0,1,tensorrt_fp32,20.214717
8,78,1,1,pytorch,25.259164
8,78,2,1,onnx_iobinding,25.809051
8,79,0,2,pytorch,26.279211
8,79,1,2,tensorrt_fp32,21.304867
8,79,2,2,onnx_iobinding,26.11571
8,80,0,3,pytorch,26.151204
8,80,1,3,tensorrt_fp32,20.446685
8,80,2,3,onnx_iobinding,25.215846
8,81,0,4,pytorch,25.342168
8,81,1,4,tensorrt_fp32,20.242375
8,81,2,4,onnx_iobinding,24.878379
8,82,0,5,onnx_iobinding,24.999273
8,82,1,5,pytorch,24.972859
8,82,2,5,tensorrt_fp32,21.496315
8,83,0,6,onnx_iobinding,26.347275
8,83,1,6,pytorch,25.919253
8,83,2,6,tensorrt_fp32,20.241833
8,84,0,7,pytorch,25.104663
8,84,1,7,onnx_iobinding,25.041561
8,84,2,7,tensorrt_fp32,20.58086
8,85,0,8,pytorch,26.065908
8,85,1,8,tensorrt_fp32,20.186995
8,85,2,8,onnx_iobinding,25.877783
8,86,0,9,onnx_iobinding,26.739943
8,86,1,9,tensorrt_fp32,21.008941
8,86,2,9,pytorch,25.845289
8,87,0,10,onnx_iobinding,25.867891
8,87,1,10,tensorrt_fp32,20.175919
8,87,2,10,pytorch,24.730606
8,88,0,0,tensorrt_fp32,20.027255
8,88,1,0,onnx_iobinding,25.065047
8,88,2,0,pytorch,25.908758
8,89,0,1,tensorrt_fp32,20.834556
8,89,1,1,onnx_iobinding,26.268524
8,89,2,1,pytorch,25.791466
8,90,0,2,tensorrt_fp32,21.5467
8,90,1,2,onnx_iobinding,26.770606
8,90,2,2,pytorch,26.026543
8,91,0,3,tensorrt_fp32,20.841994
8,91,1,3,onnx_iobinding,24.960882
8,91,2,3,pytorch,25.036808
8,92,0,4,tensorrt_fp32,20.115393
8,92,1,4,onnx_iobinding,26.001601
8,92,2,4,pytorch,26.194293
8,93,0,5,pytorch,26.785564
8,93,1,5,tensorrt_fp32,21.137812
8,93,2,5,onnx_iobinding,26.386134
8,94,0,6,pytorch,25.910569
8,94,1,6,tensorrt_fp32,21.300395
8,94,2,6,onnx_iobinding,26.187706
8,95,0,7,tensorrt_fp32,21.138916
8,95,1,7,onnx_iobinding,25.996818
8,95,2,7,pytorch,25.660177
8,96,0,8,pytorch,24.934263
8,96,1,8,onnx_iobinding,25.814004
8,96,2,8,tensorrt_fp32,20.193002
8,97,0,9,tensorrt_fp32,20.228574
8,97,1,9,onnx_iobinding,26.089165
8,97,2,9,pytorch,26.550909
8,98,0,10,tensorrt_fp32,21.130982
8,98,1,10,pytorch,26.171401
8,98,2,10,onnx_iobinding,26.017293
8,99,0,0,tensorrt_fp32,20.995407
8,99,1,0,onnx_iobinding,26.273203
8,99,2,0,pytorch,26.094375
8,100,0,1,onnx_iobinding,27.359738
8,100,1,1,tensorrt_fp32,22.207152
8,100,2,1,pytorch,26.257236
8,101,0,2,tensorrt_fp32,21.103407
8,101,1,2,pytorch,26.288286
8,101,2,2,onnx_iobinding,26.024066
8,102,0,3,onnx_iobinding,26.102066
8,102,1,3,tensorrt_fp32,21.234471
8,102,2,3,pytorch,26.321378
8,103,0,4,tensorrt_fp32,20.965665
8,103,1,4,pytorch,25.913547
8,103,2,4,onnx_iobinding,25.760232
8,104,0,5,pytorch,25.951212
8,104,1,5,onnx_iobinding,26.098113
8,104,2,5,tensorrt_fp32,20.898154
8,105,0,6,onnx_iobinding,26.683086
8,105,1,6,tensorrt_fp32,21.298442
8,105,2,6,pytorch,26.028301
8,106,0,7,tensorrt_fp32,20.932083
8,106,1,7,onnx_iobinding,25.902215
8,106,2,7,pytorch,25.846273
8,107,0,8,onnx_iobinding,26.781038
8,107,1,8,tensorrt_fp32,20.864455
8,107,2,8,pytorch,26.274637
8,108,0,9,onnx_iobinding,26.156482
8,108,1,9,tensorrt_fp32,20.98231
8,108,2,9,pytorch,25.921674
8,109,0,10,onnx_iobinding,26.212518
8,109,1,10,pytorch,25.82379
8,109,2,10,tensorrt_fp32,20.913871
8,110,0,0,pytorch,25.894488
8,110,1,0,tensorrt_fp32,20.796548
8,110,2,0,onnx_iobinding,25.810296
8,111,0,1,onnx_iobinding,26.185801
8,111,1,1,pytorch,26.482383
8,111,2,1,tensorrt_fp32,20.861764
8,112,0,2,tensorrt_fp32,20.717183
8,112,1,2,onnx_iobinding,26.039134
8,112,2,2,pytorch,26.577337
8,113,0,3,tensorrt_fp32,21.036101
8,113,1,3,pytorch,25.387291
8,113,2,3,onnx_iobinding,25.06796
8,114,0,4,pytorch,25.435874
8,114,1,4,tensorrt_fp32,20.319726
8,114,2,4,onnx_iobinding,26.406376
8,115,0,5,tensorrt_fp32,21.016266
8,115,1,5,onnx_iobinding,25.282837
8,115,2,5,pytorch,25.442514
8,116,0,6,tensorrt_fp32,19.942925
8,116,1,6,pytorch,25.128206
8,116,2,6,onnx_iobinding,25.241865
8,117,0,7,onnx_iobinding,25.309224
8,117,1,7,tensorrt_fp32,20.616772
8,117,2,7,pytorch,24.840279
8,118,0,8,onnx_iobinding,26.073361
8,118,1,8,pytorch,26.601763
8,118,2,8,tensorrt_fp32,20.753335
8,119,0,9,onnx_iobinding,25.852992
8,119,1,9,tensorrt_fp32,21.222579
8,119,2,9,pytorch,25.169571
