batch_size,iteration,latency_ms
1,1,4.658845999074401
1,2,4.2443819984328
1,3,4.1875530005199835
1,4,4.423100999702001
1,5,4.205897999781882
1,6,4.237392000504769
1,7,4.461143998923944
1,8,4.254700999808847
1,9,4.160722000960959
1,10,4.258597000443842
1,11,4.386885999338119
1,12,4.334667999501107
1,13,4.305481001210865
1,14,4.150324000875116
1,15,4.131563000555616
1,16,4.101883998373523
1,17,4.239744999722461
1,18,4.19842500014056
1,19,4.43798699961917
1,20,4.380704000141122
1,21,4.326098998717498
1,22,4.119609999179374
1,23,4.369164000308956
1,24,4.282068999600597
1,25,4.85525600015535
1,26,4.2436599997017765
1,27,4.355081999165122
1,28,4.271550998964813
1,29,4.236627000864246
1,30,4.218797999783419
1,31,4.190612000456895
1,32,4.174469000645331
1,33,4.085345000930829
1,34,4.1151069999614265
1,35,4.3640009989758255
1,36,4.242558999976609
1,37,4.2671310002333485
1,38,8.94204699943657
1,39,8.724616000108654
1,40,8.701659000507789
1,41,9.147328999461024
1,42,8.763675999944098
1,43,9.067343999049626
1,44,9.076235999600613
1,45,9.460317000048235
1,46,9.03578900033608
1,47,8.922476999941864
1,48,8.812465999653796
1,49,8.466884999506874
1,50,8.529280999937328
1,51,8.631155998955364
1,52,8.882685999196838
1,53,8.769205000135116
1,54,8.886757999789552
1,55,8.716248999917298
1,56,8.458578000499983
1,57,6.4064809994306415
1,58,4.125928000576096
1,59,4.099551000763313
1,60,4.215187998852343
1,61,4.209372000332223
1,62,4.174374000285752
1,63,4.102044000319438
1,64,4.291637998903752
1,65,4.238634999637725
1,66,4.091370999958599
1,67,3.9932840008987114
1,68,4.1746269998839125
1,69,4.0554509996582055
1,70,4.230156999255996
1,71,4.079330999957165
1,72,3.8749760005885037
1,73,3.8597169987042435
1,74,4.092088000106742
1,75,4.001647999757552
1,76,4.61379500120529
1,77,4.628044000128284
1,78,4.200850000415812
1,79,4.03302299855568
1,80,4.118224000194459
1,81,4.213280999465496
1,82,4.048308001074474
1,83,4.160881999268895
1,84,4.056316000060178
1,85,4.031251999549568
1,86,4.148257999986527
1,87,4.014317000837764
1,88,4.063663000124507
1,89,4.09288900118554
1,90,4.105697000341024
1,91,5.48371200056863
1,92,4.202522999548819
1,93,4.202348000035272
1,94,4.495250001127715
1,95,8.71203199858428
1,96,8.53315700078383
1,97,8.272342000054778
1,98,8.9561370004958
1,99,7.117638999261544
1,100,4.159468999205274
8,1,19.04656300030183
8,2,17.920816999321687
8,3,17.886838999402244
8,4,17.85450699935609
8,5,17.788039998777094
8,6,17.851512000561343
8,7,17.99928699983866
8,8,17.960137000045506
8,9,17.858177998277824
8,10,17.87856000009924
8,11,17.836684999565477
8,12,17.908329000420053
8,13,17.901121000249987
8,14,18.039264001345146
8,15,18.084162000377546
8,16,18.157909998990363
8,17,18.259726999531267
8,18,18.154004001189605
8,19,18.72185200045351
8,20,18.103676000464475
8,21,18.68825699966692
8,22,18.990840999322245
8,23,18.799617000695434
8,24,19.118321999485488
8,25,18.240004999825032
8,26,18.578573000922916
8,27,18.80198700018809
8,28,18.937441000161925
8,29,18.82051299980958
8,30,18.824548000338837
8,31,18.798855000568437
8,32,18.983894999109907
8,33,18.87821699892811
8,34,19.093348000751575
8,35,18.819021999661345
8,36,18.780308000714285
8,37,18.954994999148767
8,38,18.634162999660475
8,39,18.787234999763314
8,40,18.120925000403076
8,41,18.086452999341418
8,42,18.14873400144279
8,43,18.759828999463934
8,44,18.194356000094558
8,45,18.99063800010481
8,46,18.331737999687903
8,47,18.562930999905802
8,48,19.166700998539454
8,49,18.76744099899952
8,50,18.693574000280933
8,51,19.06493199930992
8,52,18.837072999303928
8,53,18.89433399992413
8,54,18.98610499847564
8,55,18.82599100099469
8,56,19.039203998545418
8,57,18.41412700014189
8,58,17.808972999773687
8,59,17.882407999422867
8,60,18.080125000778935
8,61,18.009964000157197
8,62,18.608076999953482
8,63,18.891527999585378
8,64,18.80975399944873
8,65,18.900252998719225
8,66,18.818016000295756
8,67,18.714478001129464
8,68,20.046947000082582
8,69,19.29834500151628
8,70,18.816218000210938
8,71,19.031005998840556
8,72,18.873242999688955
8,73,18.656019999980344
8,74,18.11378899947158
8,75,17.975922999539762
8,76,17.968342999665765
8,77,18.013452001468977
8,78,17.964196000320953
8,79,17.987833998631686
8,80,18.183728001531563
8,81,18.890052999267937
8,82,18.87334999992163
8,83,18.86481000110507
8,84,19.146203998388955
8,85,18.832945999747608
8,86,18.791808000969468
8,87,18.763903999570175
8,88,19.115880999379442
8,89,18.79678099976445
8,90,18.999777999852085
8,91,18.894252998507
8,92,19.405003999054315
8,93,19.20127700032026
8,94,19.003924000571715
8,95,19.03331799985608
8,96,18.786632999763242
8,97,18.94550599899958
8,98,19.05604400053562
8,99,19.54191799995897
8,100,18.9629070009687
