path,category,image_sha256,ground_truth_path,ground_truth_sha256,is_defective,image_score,image_predicted_anomaly,has_predicted_region,predicted_pixels,ground_truth_pixels,tp,fp,fn,tn,iou,dice,precision,recall,pixel_false_positive_rate
test/broken_large/000.png,broken_large,11a691a06a33dd78c5fcab6a822caa48c0d72f27f660e19f5abd9b5aa392b0eb,ground_truth/broken_large/000_mask.png,e0c99ed15df25c67ad48505a3c50682172d49115650b8d0bdafa687e3c48c7c5,True,63.63454818725586,True,True,16134,7131,7131,9003,0,49402,0.44198586835254744,0.6130238555770471,0.44198586835254744,1.0,0.15414776132180463
test/broken_large/001.png,broken_large,b5e6fd5f3f9ac5310f4fecc37f64d42eaa3326d3d3b327369d2d789752189a0f,ground_truth/broken_large/001_mask.png,d13b7c8b89e6944e9a3d94e5572fe258a1ced9f61238454508174de0e88ae5da,True,62.11277389526367,True,True,17203,6192,6192,11011,0,48333,0.3599372202522816,0.5293438768967729,0.3599372202522816,1.0,0.1855452952278242
test/broken_large/002.png,broken_large,249813c6bccb58b9de711a6b7248f4fd8ba4136364cfad2e0577769db91353c2,ground_truth/broken_large/002_mask.png,9ebd1eb07373c7e60515c82d92fea198acd86418ee6ef31140327d3b78cd5ef3,True,62.35533142089844,True,True,24506,10184,10184,14322,0,41030,0.4155716967273321,0.5871432689535889,0.4155716967273321,1.0,0.2587440381558029
test/broken_large/003.png,broken_large,b4797ce35dd407629e29dd199cd6e497f0a706a1ddd72ace226f30858d3199c4,ground_truth/broken_large/003_mask.png,3388a546b00286c0c8098a530d0bea4bbd05efea40d80f4e587c37ad1bf16e92,True,67.18085479736328,True,True,37337,17955,17445,19892,510,27689,0.4609348164980051,0.6310135281776749,0.4672308969654766,0.9715956558061821,0.4180660347617747
test/broken_large/004.png,broken_large,ede2360ddfaba9c13112b6159f5fd3342226203719ba9f067c2ff16e3d4690e0,ground_truth/broken_large/004_mask.png,93003d705d10d06681458e47f055b8aa09ca1ca3a0102a16c72e3bf3fa3872ea,True,68.21440887451172,True,True,7571,2678,2678,4893,0,57965,0.35371813498877297,0.5225875695189774,0.35371813498877297,1.0,0.07784212033472271
test/broken_large/005.png,broken_large,cb4dfa6e11f536aa8746834d41e27f86facf51fb8c92e421af7c6dc342a32553,ground_truth/broken_large/005_mask.png,90e2751deccdc0f1e2ef4e217cc61e505c056a8906cdf18b471e00f9df8f4d91,True,58.1745491027832,True,True,7245,2685,2685,4560,0,58291,0.37060041407867494,0.540785498489426,0.37060041407867494,1.0,0.0725525449077978
test/broken_large/006.png,broken_large,7e1590d94352b6a5d9463d4b378721ac80335f512d78095c7126d3eae1799fae,ground_truth/broken_large/006_mask.png,88dea230ed1c731217bc7a55c13e5c1c2ca18e656983fdb4d0c3341521a1d64a,True,68.52850341796875,True,True,20108,10013,9903,10205,110,45318,0.4898110594519735,0.657547890176289,0.49249055102446787,0.9890142814341356,0.18379770545539686
test/broken_large/007.png,broken_large,944292b41adbdcbc22c19027f3e0b02eae1cd9defa93bb41e4f4acb84047a3f2,ground_truth/broken_large/007_mask.png,016ebeaaea7e2c399f2e04fc45e20dda61104437e3f46d16d0ece66038ca75da,True,59.40266799926758,True,True,21549,10595,10577,10972,18,43969,0.4904251866277183,0.6581010452961672,0.4908348415239686,0.9983010854176498,0.19970513823920205
test/broken_large/008.png,broken_large,0ded17a988dd56d1027d90402e0eff6030727b541c7c263bd77287a62a49b334,ground_truth/broken_large/008_mask.png,ce1937a4df067ae523136cb5985d7f9fe0157fd4365ca845ab307808e6f0dd0f,True,63.9026985168457,True,True,19826,8536,8536,11290,0,45710,0.4305457480076667,0.6019321627529793,0.4305457480076667,1.0,0.19807017543859648
test/broken_large/009.png,broken_large,eb6b625a6b86299dbf335512cb3fee553f337892023560c7a5652fcbbb63d1e0,ground_truth/broken_large/009_mask.png,2368280597be2b9e64980054ff6d02e50550ea149c8ebaee52f82d53e80950ab,True,59.57429504394531,True,True,10864,5743,5714,5150,29,54643,0.5245570549894427,0.6881435539230445,0.5259572901325479,0.9949503743687967,0.08613048350141321
test/broken_large/010.png,broken_large,cac8b9cc86de2513a673453689e927a2c70a86b2f4961df2e70d795aad9fc0c6,ground_truth/broken_large/010_mask.png,7de90f9b811ebf6e2ada321b572048cfd1d41acf98596f167f6be295dadbf9b9,True,65.18456268310547,True,True,17154,7291,7291,9863,0,48382,0.4250320624927131,0.5965228062998568,0.4250320624927131,1.0,0.16933642372735858
test/broken_large/011.png,broken_large,d1819a2167952638c4826a78d3d081fdf26e5a923f3868713af122f5b1d8eddb,ground_truth/broken_large/011_mask.png,5d0ce72f47849a34cff1cfe53ba824a3a3136b4037cdda41a34385d304fa64f3,True,54.926761627197266,True,True,8275,4898,4820,3455,78,57183,0.5770381898719024,0.7317998937220072,0.5824773413897281,0.9840751327072275,0.05697747287179656
test/broken_large/012.png,broken_large,d531152578b689d196411359c7e8db8f06ba865916e62d0bd7d4f9a81869b6db,ground_truth/broken_large/012_mask.png,d3c4da3f64f5704c7a48fbd326dc014469280fc9da80afa702727db3e11b63ce,True,65.25831604003906,True,True,10318,5689,5689,4629,0,55218,0.5513665439038573,0.7108140188667458,0.5513665439038573,1.0,0.07734723545039851
test/broken_large/013.png,broken_large,cdb49dee73c2b02e2e062fe890ad5b6babc6aa5d95c84ba35486631a105f8373,ground_truth/broken_large/013_mask.png,f569d4fb98bfb8c74b4ea8ae8d51e8aea01d1c687414532fe8f8f1c807070217,True,61.200679779052734,True,True,19712,8838,8838,10874,0,45824,0.44835633116883117,0.619124343257443,0.44835633116883117,1.0,0.19178807012593035
test/broken_large/014.png,broken_large,e32c92da6a4689dfb9aa8e627da233b154d3f141c171aa6abfd32be4ac0589f8,ground_truth/broken_large/014_mask.png,9a55e8b33aef37f6e8e8c471198ae87a030845d07f0c409eb0e10f81b1d79603,True,63.501060485839844,True,True,6435,3094,2926,3509,168,58933,0.4431319097379979,0.6141253017105678,0.4547008547008547,0.9457013574660633,0.056196150027225264
test/broken_large/015.png,broken_large,3237744b81d8c38e32188bd5b0ae5cabedf37560f721466bd4a8db9851fb10cc,ground_truth/broken_large/015_mask.png,79a4d08770ade1e553fdbe02ce12805becdc08f284527ccfc4cd7122a3b4e258,True,65.60342407226562,True,True,12004,6117,6064,5940,53,53479,0.5029443476818446,0.6692787373765244,0.5051649450183272,0.9913356220369463,0.09996802369612413
test/broken_large/016.png,broken_large,8b5b47f25ebec3e88c3a09b8f20e14e2413252c82737009ff6f8f20d61a2b779,ground_truth/broken_large/016_mask.png,424a6f24af9f83147cb8020a12a90e31673291ac3bf6b0150199609f1841561e,True,60.7781982421875,True,True,19716,9615,9613,10103,2,45818,0.48752408966426614,0.6554839589512802,0.4875735443294786,0.9997919916796671,0.18066558180290052
test/broken_large/017.png,broken_large,32a2c9cf43301567ccbb7c2e9a4eccff5a8e464de8a9c545885d6bfb28ab0315,ground_truth/broken_large/017_mask.png,b7fb9f78bcb5c8dfd60c4040eb0af37e2ed4cab4d2a6209c084c7e0d8cf73862,True,63.00289535522461,True,True,18660,9222,9214,9446,8,46868,0.49357188772230554,0.6609281974033426,0.4937834941050375,0.9991325092170895,0.16773804027417694
test/broken_large/018.png,broken_large,ced7c9391abb29b26e126885a1dde2310f3fd1e2cfdf997cd463221e7664e57e,ground_truth/broken_large/018_mask.png,7f85d2f5a97fba698c67ce2f10931d9b524fe9822b08a59e213699fdd1aeec7c,True,66.38932037353516,True,True,21309,8602,8602,12707,0,44227,0.4036791965836032,0.5751730132727091,0.4036791965836032,1.0,0.2231882530649524
test/broken_large/019.png,broken_large,6807074bef09e3257c3bb516167264a9003ca666e1ddb65d7e306025a9cee695,ground_truth/broken_large/019_mask.png,e3dd0bf9e5793c99f4d2bae2333d030baeb0e59be56bdff7c2ae3d85fee0973f,True,62.20752716064453,True,True,21139,8275,8269,12870,6,44391,0.3910617167179002,0.5622492690555517,0.3911727139410568,0.9992749244712991,0.2247603080630796
test/broken_small/000.png,broken_small,05b96e1102fba8cc19bf60e17d33a0830247df2bbba56cae3df100336392941e,ground_truth/broken_small/000_mask.png,e869e1c4a70db5f15fa178e69b2163c830298447296e62cb65e96cdab6aa8564,True,46.6525764465332,True,True,1608,580,579,1029,1,63927,0.3598508390304537,0.5292504570383912,0.36007462686567165,0.9982758620689656,0.015841492702752633
test/broken_small/001.png,broken_small,bc60260af053f2f84f71550dda6f2d88c9c8e427109a56249f0dc60e30bc9759,ground_truth/broken_small/001_mask.png,e57b703ea298039a154302c943333bb7c68f3f2404ff01063eed8b05f0e1a717,True,61.048458099365234,True,True,4088,973,864,3224,109,61339,0.2058613295210865,0.34143449911084767,0.21135029354207435,0.8879753340184995,0.04993572169818627
test/broken_small/002.png,broken_small,e605efdbf20478f09084f3026eaa96b91d9d1e7bc113cbe8fb700f2bbcc2763e,ground_truth/broken_small/002_mask.png,a2a132da1d5f7d101f8aa3cd9eb187a4351536d6af1481bdf1b9d97e5f689021,True,63.28006362915039,True,True,5803,2390,2390,3413,0,59733,0.41185593658452524,0.5834248748932015,0.41185593658452524,1.0,0.05404934596015583
test/broken_small/003.png,broken_small,c97b387cdafd8df6d1834dcd4bb284cb784969a5416dc067f6f2476592c1ee57,ground_truth/broken_small/003_mask.png,612d84d62449633b63f50d8956062890b908a53f83d11f7bdbe56c6355f1adc7,True,61.357887268066406,True,True,10954,5284,5254,5700,30,54552,0.4783321194464676,0.6471240300529622,0.47964213985758625,0.9943224829674489,0.09460266879107747
test/broken_small/004.png,broken_small,6f57501c4ae23aac51f06c7ea4916d8977cf84664832cc7c542447624bd9c142,ground_truth/broken_small/004_mask.png,a11ff70f7bdc0a7b5d2cfc666331de2986f7595d925ffc4bf00f5400eb727343,True,67.43329620361328,True,True,6500,2105,2032,4468,73,58963,0.30914346569298645,0.47228355607205114,0.31261538461538463,0.9653206650831354,0.0704387444624868
test/broken_small/005.png,broken_small,1dcaf0ee6666df4b793de50d2371b400e468f5c3b39456f8af66e6a9593f7950,ground_truth/broken_small/005_mask.png,41b7eabaa5d7e46ba7485eb479c3cc2f9e326c8f91eac8be3ad6fbb04400fbe3,True,52.026466369628906,True,True,2669,988,987,1682,1,62866,0.36966292134831463,0.5397867104183757,0.36980142375421504,0.9989878542510121,0.02605812728512115
test/broken_small/006.png,broken_small,3663a963886304bb1fc308bb63bdd63edb58904980662d034136f53af3124d54,ground_truth/broken_small/006_mask.png,47eb003fe51cab6f6792faa1c4dbd1a46b590e9858aafa68657a5c820e79b0f8,True,62.825347900390625,True,True,4597,1767,1767,2830,0,60939,0.3843811181205134,0.555311125078567,0.3843811181205134,1.0,0.04437893020119494
test/broken_small/007.png,broken_small,648a8cb8babfa35f2574ae0dbff581db740cc6ff6ecb14806de29d5e4facb4a6,ground_truth/broken_small/007_mask.png,54c5dc961502c982a303e67f5305cd8ba86349b9522967eecb3e83cce1be7934,True,59.327144622802734,True,True,3872,1370,1370,2502,0,61664,0.35382231404958675,0.522701259061427,0.35382231404958675,1.0,0.038992612910264006
test/broken_small/008.png,broken_small,26af850d4eee499c803f372e17ac9297ebe8edc04695dea8d288ac93711325e3,ground_truth/broken_small/008_mask.png,df523ada0db03ed4e04b045008a6fd1cad18e0dd734df974c296b10134e8bc95,True,54.97443389892578,True,True,8715,1400,1400,7315,0,56821,0.1606425702811245,0.2768166089965398,0.1606425702811245,1.0,0.11405450916801796
test/broken_small/009.png,broken_small,d83afc9847c680e6b9f5c36f49ca19e1b1f275fc0358e4864ec1809d42df32c7,ground_truth/broken_small/009_mask.png,397f41ca94c2902a7f0ad9e9bbd84883af5b600beabd9ba324f21ea6b3438da1,True,61.16606140136719,True,True,4316,1535,1535,2781,0,61220,0.3556533827618165,0.5246966330541788,0.3556533827618165,1.0,0.043452446055530385
test/broken_small/010.png,broken_small,21cd62dad2af2a7841c2ed469ab0909385805fa67d4ee7ba4b8dd6417c6ea95c,ground_truth/broken_small/010_mask.png,b7896d8a2dd1209ebc3a22a2e9be80bcbc6e51040a2f18e25c8dba6015c2cf1d,True,65.17514038085938,True,True,7290,3003,3003,4287,0,58246,0.4119341563786008,0.5835033517924804,0.4119341563786008,1.0,0.06855580253626085
test/broken_small/011.png,broken_small,0b864bfc835768c65992b235c435e397480cfadeed57ea3884e234a2b473a9c9,ground_truth/broken_small/011_mask.png,cf1a458b5f09a3b2c6f637c78d0b3f78b352f369677fc6882c84ad4bc6d831a8,True,53.711875915527344,True,True,3631,1262,1245,2386,17,61888,0.3412828947368421,0.5088902513795218,0.34288074910492977,0.9865293185419969,0.03712232006721225
test/broken_small/012.png,broken_small,945cf8614874e85e7d81ebf0ea69340600eec2df6b3d8cdbe0019b27f0a006dc,ground_truth/broken_small/012_mask.png,63965709fed3fbe6d6d377d54252994b744abd46589ee9004062b7503f6b6f6e,True,62.53501892089844,True,True,9933,5117,5115,4818,2,55601,0.5148465022647207,0.6797342192691029,0.5149501661129569,0.999609145983975,0.07974312716198546
test/broken_small/013.png,broken_small,b32208859b9262fa19ad2f01043ed13aac2cebaa4c85936ad489d68c719a2ea1,ground_truth/broken_small/013_mask.png,9abb0443920ebf7abf029be581dd3e0fd35c7a960c80833e53051966bbd75af4,True,59.23770523071289,True,True,5898,2119,2119,3779,0,59638,0.35927433028145134,0.5286266683297992,0.35927433028145134,1.0,0.05958969992273365
test/broken_small/014.png,broken_small,c74fb6a0cfc32692175c6f97f337fa49a0146a2ccb66ffa308e90b8b95ce50d8,ground_truth/broken_small/014_mask.png,9bb03cd55745df7aa8514d48330289df1ce20c5507b0d67646ecc875571d147a,True,50.01561737060547,True,True,2703,1179,1177,1526,2,62831,0.43512014787430686,0.6063884595569294,0.4354421013688494,0.998303647158609,0.023711484376213933
test/broken_small/015.png,broken_small,ef423951e8f0bed66ab053c28ad709e68ef24af62b4650254c3d39aaa2bb48da,ground_truth/broken_small/015_mask.png,e9b59d2678fcb0a171b93bfcdb8d47732ec455c6d5f96a25897c27fdefdb2336,True,58.32017517089844,True,True,7068,1089,1089,5979,0,58468,0.1540747028862479,0.26700993012136814,0.1540747028862479,1.0,0.09277390724160939
test/broken_small/016.png,broken_small,72e0dfb0da261ee3b349dc34235f65c23bf6b2cbb8928a055348980c1f428bba,ground_truth/broken_small/016_mask.png,14925d267db94aeec8253dc074681b2e915ace266ed6b4b5a6d48c88ee8c27e8,True,60.696876525878906,True,True,3978,1338,1338,2640,0,61558,0.33634992458521873,0.5033860045146726,0.33634992458521873,1.0,0.04112277641048008
test/broken_small/017.png,broken_small,437b1c2b5f0c055ee250ba1c4266725eae7c4e21293b0b13141e672f42a2d55b,ground_truth/broken_small/017_mask.png,be934c0211b8812265173188d89722336a82e074a3dd69555a15bfa56f96483f,True,65.5865478515625,True,True,5193,1650,1650,3543,0,60343,0.317735413056037,0.48224462954844366,0.317735413056037,1.0,0.05545815984722788
test/broken_small/018.png,broken_small,b145d2c83ef34456539118e18ba0a197277a9625320ed7248492b308856170af,ground_truth/broken_small/018_mask.png,0626e8814b4686b5aabf179bcf127b45b82d9df996f94e1cc8d7b71b208db59d,True,68.83311462402344,True,True,8006,3745,3714,4292,31,57499,0.46211272863008584,0.6321164156242022,0.4639020734449163,0.9917222963951936,0.0694599537149423
test/broken_small/019.png,broken_small,a6e0b07c9402eb7ce810955032a54d5b05cc60f30579b397e83eba6957390c34,ground_truth/broken_small/019_mask.png,5c77eae05a27db9e6147da0bda520fff859362c81c17d861d0a62525dfa90346,True,65.09251403808594,True,True,5864,1836,1836,4028,0,59672,0.3130968622100955,0.4768831168831169,0.3130968622100955,1.0,0.06323390894819467
test/broken_small/020.png,broken_small,266ed29aeada42b0ff5160b41a754887301cef8a5aeec278af64e68a736b105a,ground_truth/broken_small/020_mask.png,567abaa1834fa5b1f036f58f0a3a2e6fbd44116f181faff2a706cfcc090e6f8d,True,66.65534973144531,True,True,6698,2289,2289,4409,0,58838,0.34174380412063304,0.5094024702347836,0.34174380412063304,1.0,0.06971081632330388
test/broken_small/021.png,broken_small,8fd65fc5519cf685764d5f87f3ad1cfe088e7c54e3a54ad68b5ab3df120a084d,ground_truth/broken_small/021_mask.png,c3ea27860cc01dc85baf5c4388ec6c33f0ae10cdc3e48d3cfc4bb0c11d98c722,True,59.711753845214844,True,True,3665,1218,1218,2447,0,61871,0.3323328785811733,0.4988736432520991,0.3323328785811733,1.0,0.03804533723063528
test/contamination/000.png,contamination,fe2e96a8cba624ace02985481197ee8ab112d2a2faa4b79f137ace2c452eb4ea,ground_truth/contamination/000_mask.png,cfe36811f8cce820e7f154da92428e95686b2611602b875f7e40081814363456,True,55.716712951660156,True,True,13349,4740,4740,8609,0,52187,0.35508277773616004,0.52407540494223,0.35508277773616004,1.0,0.14160471083623924
test/contamination/001.png,contamination,2ddf5d0d53b2dc3d13286af69d668e9b572a360a87309bb91a4682dde8f2311a,ground_truth/contamination/001_mask.png,ed47aed3dbd0783af35ab384247df3da86dc7b5651ad9f0016695df8d00942b6,True,46.60054016113281,True,True,12596,4700,4700,7896,0,52940,0.373134328358209,0.5434782608695652,0.373134328358209,1.0,0.12979157078045894
test/contamination/002.png,contamination,905880d6f1f7c33cce414116beae1bda241efff97ba78647e7c2b5d25a94dd05,ground_truth/contamination/002_mask.png,dc2fba450415a63981345a4347ed445c0c395f98182b7b0be9dff4f4b700b80e,True,52.399051666259766,True,True,3593,1201,1201,2392,0,61943,0.33426106317840243,0.5010429703796412,0.33426106317840243,1.0,0.037180383927877515
test/contamination/003.png,contamination,023c4e62fbe0b7f408245e85b8fc60259d826dedee67fdc5a41655b7fa494e4a,ground_truth/contamination/003_mask.png,5690f875e05d2881232a3a4a5e030ef97ea73762a899a819a6fb51271055451e,True,41.24468231201172,True,True,3059,1727,1727,1332,0,62477,0.564563582870219,0.7216882574174676,0.564563582870219,1.0,0.020874798225955588
test/contamination/004.png,contamination,8def2401278eb433c1a2fa0a78c79abfeea7a4d0b363e637e51c39cef34c073c,ground_truth/contamination/004_mask.png,bc4adf3db98c2e54061941b3e8caeffa50fb84c4ec81f38b2d3110f0fcd0b116,True,45.39133834838867,True,True,4880,1360,1360,3520,0,60656,0.2786885245901639,0.4358974358974359,0.2786885245901639,1.0,0.05484916479680878
test/contamination/005.png,contamination,606d939e295c39be7097829e33f82b1fea32006379817b5de2a0e0548a10b50e,ground_truth/contamination/005_mask.png,cdf55253188436cbfb2f7c11e90ca8e27e838b2c5a8ed72115d6dc5a50fa4579,True,66.81160736083984,True,True,11073,8062,8061,3012,1,54462,0.7279212569983746,0.8425398484452574,0.7279869953942021,0.9998759612999256,0.05240630545986011
test/contamination/006.png,contamination,d458db2da3744fd2fc797bd7568ed8282fe1583e05d427ffa8e41d67f7e14b03,ground_truth/contamination/006_mask.png,01444c8160c0454291c416670f9ca93656baf40937d7a7e1cf2589b29f0e2db7,True,59.73495101928711,True,True,13384,10016,10016,3368,0,52152,0.7483562462641961,0.856068376068376,0.7483562462641961,1.0,0.0606628242074928
test/contamination/007.png,contamination,a3918b94553a8922b3c16d064ef73e9062710b35639a949c56d926037e4c0d0a,ground_truth/contamination/007_mask.png,cfdad6505900e90097903a476cf71c095ac03a515abad5c3df4f32da66a900ff,True,76.83087158203125,True,True,16152,3649,3649,12503,0,49384,0.2259162951956414,0.3685672440785819,0.2259162951956414,1.0,0.2020295053888539
test/contamination/008.png,contamination,35b9af10eaa1fe5525d6fb54ed3ddb069391d7dff93e8c6a6140272431115b00,ground_truth/contamination/008_mask.png,f388a8a593cfce07a7af040391f08b2c50c5df0cdaae9031a507e55fc95cda3b,True,58.53950500488281,True,True,12393,10818,9044,3349,1774,51369,0.6383849791769606,0.7792856835121279,0.7297668038408779,0.8360140506563135,0.06120472239482437
test/contamination/009.png,contamination,ee3e214406dac4a5334c37423f86495f6f4440569a8b9c4b4d778f7c015e35fc,ground_truth/contamination/009_mask.png,74788661609be480d668dca531bafc264cc413768ec455c9fbd6c8ec2d8f57aa,True,64.89281463623047,True,True,7313,9048,7228,85,1820,56403,0.7914157451001861,0.8835645742925249,0.9883768631204704,0.7988505747126436,0.001504744370485767
test/contamination/010.png,contamination,9cabee2946258e61422d092acdf82bdc9946d7b881dd8bfa4ed032b674be49fe,ground_truth/contamination/010_mask.png,ea1b1961cf975b0bbea0b1aa43d68f4d21923937ea187f620f0a6a8e80e29be4,True,65.98676300048828,True,True,10262,7539,7362,2900,177,55097,0.7052399655139381,0.8271445424414359,0.7174040148119275,0.9765220851571826,0.05000258634067279
test/contamination/011.png,contamination,29b03be4b7ff17a2e32446c60ea7d7c6dbffc2ffe091f17455fdc528fb337317,ground_truth/contamination/011_mask.png,cf45da82555d5f70d140d8258705fb92906ab4b4c149a386ce7e173f05824edc,True,47.21506881713867,True,True,11873,9760,9742,2131,18,53645,0.8192750819947859,0.9006610271344705,0.8205171397287965,0.9981557377049181,0.03820639701663798
test/contamination/012.png,contamination,e3fbaab9071bb10ba574e33bd244f3ff61c5f7f8c50a6f13c714b1bde5a32e2c,ground_truth/contamination/012_mask.png,2cbb91a4571c2737ff51e6b4589400fd5b41bc92cb83f0e5230d8ca1e1dee69b,True,44.52920150756836,True,True,10662,9910,9407,1255,503,54371,0.8425436632333184,0.914544040443321,0.8822922528606265,0.9492431886982846,0.02256139215474778
test/contamination/013.png,contamination,a8a05f265d400831973ae361c2773d5719f9469cc798bab1ec883274723d3165,ground_truth/contamination/013_mask.png,bf8104d9dd1d5e52be1edc8df2bea81bc7544e2fbe1b20e05715f6aa6e930033,True,71.8117904663086,True,True,12934,3342,3342,9592,0,52602,0.25838874284830676,0.4106660113049889,0.25838874284830676,1.0,0.1542270958613371
test/contamination/014.png,contamination,503a4011f035f9a703bd435917d14118cb47ed4c4712b8f77f1f2dbb119c0d0a,ground_truth/contamination/014_mask.png,3e99b1002405aefbc7299b2dc3e71ae66b73da90c3cdabb6b1356db0cb3d5065,True,66.80741119384766,True,True,6271,454,454,5817,0,59265,0.07239674693031414,0.1350185873605948,0.07239674693031414,1.0,0.08937955194984788
test/contamination/015.png,contamination,1e8ba471a607de42e71890f010c0e7a620522f5c55abc8f64d52b290438c31be,ground_truth/contamination/015_mask.png,44b99c3f376afb842118efc8a21ec68b270635799aa1db28d3560f0193757ffc,True,61.26004409790039,True,True,9515,2727,2722,6793,5,56016,0.28592436974789914,0.44469857866361706,0.2860746190225959,0.9981664833149981,0.10815329013357958
test/contamination/016.png,contamination,9693bc441d758ca05db5602c66243681697a4d273a9468508f4a9a9b3205c0c1,ground_truth/contamination/016_mask.png,a39ba576e8b8823171f223f97c256a82d08cdfeb0ac2a708b97ddd19dd804397,True,42.622398376464844,True,True,10137,9892,9219,918,673,54726,0.8528214616096207,0.920565180488292,0.9094406629180231,0.9319652244237768,0.016497735604916974
test/contamination/017.png,contamination,39353cd83649e95260e53e0ec2ac3985cc5d42732f721cc26f7027db616695c8,ground_truth/contamination/017_mask.png,c3d70d42729e95d1faf73f7fcafec876cee22bc7902199c4e9557d9b2966d54c,True,73.80445861816406,True,True,16632,5470,5384,11248,86,48818,0.32204809187701877,0.4871957288933128,0.32371332371332373,0.9842778793418647,0.18726067991875603
test/contamination/018.png,contamination,71c18397def5e402077a127a882dc3c871053b2796cf158aad1ff1a149a465dc,ground_truth/contamination/018_mask.png,b4e5bed8a33f40336a6267833512ffa516a7e8da104b9bafe2b6622adc02adaa,True,70.74063873291016,True,True,5929,375,375,5554,0,59607,0.0632484398718165,0.11897208121827411,0.0632484398718165,1.0,0.08523503322539557
test/contamination/019.png,contamination,883de514d58337d56397cd06cccf12e3954bdf3e2293833726c255d8f9071a3c,ground_truth/contamination/019_mask.png,c42e96c92ac63b9fc27bbb662636ed1fcdbfceaeea5b9cc0c10adf808562842d,True,42.677146911621094,True,True,2904,2183,1990,914,193,62439,0.6425573135292219,0.7823864753292706,0.6852617079889807,0.9115895556573522,0.014427098953482867
test/contamination/020.png,contamination,19dd90eb49a90512b56e9174da1fdd6e8a2ef40e590bfb8d76b1ca854c82f16b,ground_truth/contamination/020_mask.png,46912a2a23cf577f2b4bebebcf71ec791510a03d4063d1d9df068b6c6d4234c8,True,44.20199203491211,True,True,9271,9821,8967,304,854,55411,0.8856296296296297,0.9393463230672533,0.9672095782547729,0.9130434782608695,0.0054563403033294445
test/good/000.png,good,9e7bfe658efe9b6db2607a96405b4ac6880936eaf93b89c85bcd311122ceb57b,,,False,27.527271270751953,False,False,0,0,0,0,0,65536,,,,,0.0
test/good/001.png,good,a45aba86ef3e1ef8dbd95ca56abeb63f576fcd2bbd040ba748a1410bb70d6d78,,,False,31.1993408203125,False,False,0,0,0,0,0,65536,,,,,0.0
test/good/002.png,good,281e0b0dada22effec4fee5b09bef9a54feaef9d8d717aeb7947aa499ab9a1f8,,,False,29.72287368774414,False,False,0,0,0,0,0,65536,,,,,0.0
test/good/003.png,good,08c6a6cbeecb25f84c1a8a6fbc1437228980076075058550eedd2f7e1d172978,,,False,28.633211135864258,False,False,0,0,0,0,0,65536,,,,,0.0
test/good/004.png,good,22e8a84b84435aa6e67266529d6a2f3b7a29f89e4701fd0a969031e517a12dea,,,False,27.391563415527344,False,False,0,0,0,0,0,65536,,,,,0.0
test/good/005.png,good,fa1fb2fa7dbdebe55fa61b1aec5563c769d10ceaa96e8a822fd544a748429807,,,False,27.574052810668945,False,False,0,0,0,0,0,65536,,,,,0.0
test/good/006.png,good,cb8b1201fa027fada3209cde87514b778231e5d0923c5517d40e78b2e0423e35,,,False,28.779525756835938,False,False,0,0,0,0,0,65536,,,,,0.0
test/good/007.png,good,7d3036445dcce53d746e8e1804eca5e2acaa2646c85eb574782c74a940a72921,,,False,29.10837173461914,False,False,0,0,0,0,0,65536,,,,,0.0
test/good/008.png,good,c87eba626d55a28bcf5d046f8c1f5abf543d9eb9dd6c647181a26a29a58582b7,,,False,27.374475479125977,False,False,0,0,0,0,0,65536,,,,,0.0
test/good/009.png,good,b093faf3767345a4a75ed355d62e8461590fe94778df733e6acbeff2353f9f6b,,,False,31.37872886657715,False,False,0,0,0,0,0,65536,,,,,0.0
test/good/010.png,good,b31ddd1a297e85ad505f8d8b1b2df94452ab22a5d5482f500db920635356f963,,,False,27.999794006347656,False,False,0,0,0,0,0,65536,,,,,0.0
test/good/011.png,good,17033f7fb5f93eee444224d7dd9482a6444c526e0f68591a21b12b4d356cbb8a,,,False,27.44978141784668,False,False,0,0,0,0,0,65536,,,,,0.0
test/good/012.png,good,12b90fbbb65590d8b1f48d1a5ffff440c45af785b26f23cebd20ad0b86d4ad50,,,False,28.40606689453125,False,False,0,0,0,0,0,65536,,,,,0.0
test/good/013.png,good,f1b83b016bd73e9490a17f052da9eae96797d6dfb11c328b6ddea5eb9af7ba73,,,False,26.935903549194336,False,False,0,0,0,0,0,65536,,,,,0.0
test/good/014.png,good,a71581c613032a4db9ac7fc3e5f1b73cf0015015ee6f5a08b2f92495e4c3e3e8,,,False,27.963184356689453,False,False,0,0,0,0,0,65536,,,,,0.0
test/good/015.png,good,179aecaca86a1964bdc3075782bb36dcd1c7b25266077711a157d2dd565cfffc,,,False,30.473251342773438,False,False,0,0,0,0,0,65536,,,,,0.0
test/good/016.png,good,5ff7596e9a7fec2b34166dba196022c09282d9b45df671aac6759bbc2995e561,,,False,30.036943435668945,False,False,0,0,0,0,0,65536,,,,,0.0
test/good/017.png,good,ac516a2650e86145083c3a5c5b6c13b44062b4ec8daec52ee7fc81fe2fec6d4d,,,False,31.41547203063965,False,False,0,0,0,0,0,65536,,,,,0.0
test/good/018.png,good,4f0c476b10508c8f163cba4a93f6272126e4b55b59df9d7ace36247ab72709df,,,False,28.217689514160156,False,False,0,0,0,0,0,65536,,,,,0.0
test/good/019.png,good,44ef90ec530671e4c8125bf67b05b5f6b25a7bf24ee0d4d29dffc9af06f162dd,,,False,31.161603927612305,False,False,0,0,0,0,0,65536,,,,,0.0
