batch_size,iteration,variant,order_in_pair,latency_ms
1,1,original_2d,1,4.606059999787249
1,1,separable_1d,2,3.2662949997757096
1,2,separable_1d,1,3.198106998752337
1,2,original_2d,2,5.207119000260718
1,3,original_2d,1,8.65226200039615
1,3,separable_1d,2,7.75409899870283
1,4,separable_1d,1,8.024670998565853
1,4,original_2d,2,9.787241000594804
1,5,original_2d,1,8.737741000004462
1,5,separable_1d,2,8.350862000952475
1,6,separable_1d,1,11.634825999863097
1,6,original_2d,2,6.4823039992916165
1,7,original_2d,1,9.054771000592154
1,7,separable_1d,2,8.21182399886311
1,8,separable_1d,1,7.74434699997073
1,8,original_2d,2,8.642947999760509
1,9,original_2d,1,9.227217999068671
1,9,separable_1d,2,7.704223999098758
1,10,separable_1d,1,10.995081000146456
1,10,original_2d,2,9.906556999339955
1,11,original_2d,1,8.5148059988569
1,11,separable_1d,2,8.09810999999172
1,12,separable_1d,1,8.341648001078283
1,12,original_2d,2,8.528046000719769
1,13,original_2d,1,8.583592998547829
1,13,separable_1d,2,7.660348999706912
1,14,separable_1d,1,7.961151999552385
1,14,original_2d,2,8.556099999623257
1,15,original_2d,1,8.633647999886307
1,15,separable_1d,2,6.625795000218204
1,16,separable_1d,1,3.1579420010530157
1,16,original_2d,2,4.008720999991056
1,17,original_2d,1,4.171602000496932
1,17,separable_1d,2,3.1342370002676034
1,18,separable_1d,1,3.1909169993014075
1,18,original_2d,2,4.0443550005875295
1,19,original_2d,1,4.084982998392661
1,19,separable_1d,2,3.2849390008777846
1,20,separable_1d,1,3.083233999859658
1,20,original_2d,2,4.118832999665756
1,21,original_2d,1,4.256675998476567
1,21,separable_1d,2,3.236317001210409
1,22,separable_1d,1,3.2041810009104665
1,22,original_2d,2,4.077027999301208
1,23,original_2d,1,4.190880001260666
1,23,separable_1d,2,3.3081439996749396
1,24,separable_1d,1,3.141093999147415
1,24,original_2d,2,4.093510999155114
1,25,original_2d,1,4.208169000776252
1,25,separable_1d,2,3.189929999280139
1,26,separable_1d,1,3.207796999049606
1,26,original_2d,2,4.009368998595164
1,27,original_2d,1,4.037542999867583
1,27,separable_1d,2,3.1558210012008203
1,28,separable_1d,1,3.21162100044603
1,28,original_2d,2,4.074954998941394
1,29,original_2d,1,4.127960999539937
1,29,separable_1d,2,3.1196750005619833
1,30,separable_1d,1,3.24392300171894
1,30,original_2d,2,4.049492999911308
1,31,original_2d,1,3.9467679998779204
1,31,separable_1d,2,3.1753749990457436
1,32,separable_1d,1,3.1150070008152397
1,32,original_2d,2,3.993287000412238
1,33,original_2d,1,4.163977000644081
1,33,separable_1d,2,3.2560870004090248
1,34,separable_1d,1,3.2161399994947715
1,34,original_2d,2,4.076154000358656
1,35,original_2d,1,4.093650999493548
1,35,separable_1d,2,3.295626998806256
1,36,separable_1d,1,3.4528550004324643
1,36,original_2d,2,4.242995999447885
1,37,original_2d,1,4.094366000572336
1,37,separable_1d,2,3.1024740001157625
1,38,separable_1d,1,3.7678939988836646
1,38,original_2d,2,4.039213999931235
1,39,original_2d,1,4.150447000938584
1,39,separable_1d,2,3.1266730002244003
1,40,separable_1d,1,3.1072940000740346
1,40,original_2d,2,4.235557998981676
1,41,original_2d,1,4.203882999718189
1,41,separable_1d,2,3.106692000073963
1,42,separable_1d,1,3.1157430003077025
1,42,original_2d,2,4.075581999131828
1,43,original_2d,1,4.11232700025721
1,43,separable_1d,2,3.068674001042382
1,44,separable_1d,1,3.1859619994065724
1,44,original_2d,2,4.5875529995100806
1,45,original_2d,1,4.070643999511958
1,45,separable_1d,2,3.3461499988334253
1,46,separable_1d,1,3.162376000545919
1,46,original_2d,2,4.105736001292826
1,47,original_2d,1,3.921317998901941
1,47,separable_1d,2,3.255970999816782
1,48,separable_1d,1,3.069305999815697
1,48,original_2d,2,3.9504010001110146
1,49,original_2d,1,4.350416000306723
1,49,separable_1d,2,3.808023000601679
1,50,separable_1d,1,4.064030999870738
1,50,original_2d,2,4.847381000217865
1,51,original_2d,1,4.100768999705906
1,51,separable_1d,2,3.2164500007638708
1,52,separable_1d,1,3.2985650013870327
1,52,original_2d,2,4.046540998388082
1,53,original_2d,1,4.188932000033674
1,53,separable_1d,2,3.1461500002478715
1,54,separable_1d,1,3.1593130006513093
1,54,original_2d,2,4.125371000554878
1,55,original_2d,1,4.075487999216421
1,55,separable_1d,2,3.278789001342375
1,56,separable_1d,1,3.07839199922455
1,56,original_2d,2,4.15846999931091
1,57,original_2d,1,4.051672998684808
1,57,separable_1d,2,4.768028000398772
1,58,separable_1d,1,7.870604000345338
1,58,original_2d,2,8.773718000156805
1,59,original_2d,1,8.805254999970202
1,59,separable_1d,2,8.272869001302752
1,60,separable_1d,1,7.863546999942628
1,60,original_2d,2,9.012731999973767
1,61,original_2d,1,8.885126999302884
1,61,separable_1d,2,7.814914000846329
1,62,separable_1d,1,8.554721000109566
1,62,original_2d,2,9.024143000715412
1,63,original_2d,1,8.713924999028677
1,63,separable_1d,2,7.838261000870261
1,64,separable_1d,1,8.224013001381536
1,64,original_2d,2,8.634726000309456
1,65,original_2d,1,8.658385999297025
1,65,separable_1d,2,7.5086400011059595
1,66,separable_1d,1,7.83574100023543
1,66,original_2d,2,9.084624998649815
1,67,original_2d,1,8.5328129989648
1,67,separable_1d,2,8.066684000368696
1,68,separable_1d,1,7.855432999349432
1,68,original_2d,2,8.909905000109575
1,69,original_2d,1,8.58056399920315
1,69,separable_1d,2,8.047217999774148
1,70,separable_1d,1,7.855462999941665
1,70,original_2d,2,8.91495100040629
1,71,original_2d,1,4.583591999107739
1,71,separable_1d,2,3.212385001461371
1,72,separable_1d,1,3.0706500001542736
1,72,original_2d,2,4.032075999930385
1,73,original_2d,1,4.4564439995156135
1,73,separable_1d,2,3.1298059984692372
1,74,separable_1d,1,3.219995000108611
1,74,original_2d,2,4.041905000121915
1,75,original_2d,1,4.10486000146193
1,75,separable_1d,2,3.1879990001471015
1,76,separable_1d,1,3.137204999802634
1,76,original_2d,2,4.1626940001151524
1,77,original_2d,1,4.079754999111174
1,77,separable_1d,2,3.436802999203792
1,78,separable_1d,1,3.6911489987687673
1,78,original_2d,2,4.10728400129301
1,79,original_2d,1,4.00809299935645
1,79,separable_1d,2,3.2522740002605133
1,80,separable_1d,1,3.132200001346064
1,80,original_2d,2,4.079571001057047
1,81,original_2d,1,4.275784998753807
1,81,separable_1d,2,3.2485779993294273
1,82,separable_1d,1,3.2441529983771034
1,82,original_2d,2,4.197891999865533
1,83,original_2d,1,4.058063999764272
1,83,separable_1d,2,3.1339309989562025
1,84,separable_1d,1,3.1025469997985056
1,84,original_2d,2,9.037337998961448
1,85,original_2d,1,9.09047699860821
1,85,separable_1d,2,7.84521199966548
1,86,separable_1d,1,7.905987999038189
1,86,original_2d,2,9.083719000045676
1,87,original_2d,1,8.552800998586463
1,87,separable_1d,2,7.911182001407724
1,88,separable_1d,1,7.4557190000632545
1,88,original_2d,2,8.726775999093661
1,89,original_2d,1,8.756579998589586
1,89,separable_1d,2,7.652172000234714
1,90,separable_1d,1,8.900943001208361
1,90,original_2d,2,8.833792999212164
1,91,original_2d,1,6.0818239999207435
1,91,separable_1d,2,9.167721998892375
1,92,separable_1d,1,7.8596699986519525
1,92,original_2d,2,9.052520001205266
1,93,original_2d,1,8.907790999728604
1,93,separable_1d,2,8.278229999632458
1,94,separable_1d,1,7.86529899960442
1,94,original_2d,2,9.097410998947453
1,95,original_2d,1,9.266113998819492
1,95,separable_1d,2,7.577893000416225
1,96,separable_1d,1,7.752613999400637
1,96,original_2d,2,8.881461999408202
1,97,original_2d,1,8.601473000453552
1,97,separable_1d,2,7.725069001025986
1,98,separable_1d,1,7.8181059998314595
1,98,original_2d,2,8.462043999315938
1,99,original_2d,1,8.41001399930974
1,99,separable_1d,2,7.58938500075601
1,100,separable_1d,1,7.872486999985995
1,100,original_2d,2,8.393330001126742
8,1,original_2d,1,19.647914999950444
8,1,separable_1d,2,12.169951000032597
8,2,separable_1d,1,11.845827000797726
8,2,original_2d,2,19.097446000159835
8,3,original_2d,1,18.878502000006847
8,3,separable_1d,2,11.759060000258614
8,4,separable_1d,1,12.219381000249996
8,4,original_2d,2,19.08668400028546
8,5,original_2d,1,18.13826999932644
8,5,separable_1d,2,10.82623599904764
8,6,separable_1d,1,10.813394001161214
8,6,original_2d,2,18.032798001513584
8,7,original_2d,1,18.56015799967281
8,7,separable_1d,2,12.082809998901212
8,8,separable_1d,1,11.858280999149429
8,8,original_2d,2,19.5582979995379
8,9,original_2d,1,19.036870999116218
8,9,separable_1d,2,11.83371399929456
8,10,separable_1d,1,11.71301499925903
8,10,original_2d,2,19.02931400036323
8,11,original_2d,1,18.205075000878423
8,11,separable_1d,2,11.874746000103187
8,12,separable_1d,1,11.825270999906934
8,12,original_2d,2,18.921517999842763
8,13,original_2d,1,19.763047001106315
8,13,separable_1d,2,11.994767999567557
8,14,separable_1d,1,11.19241900050838
8,14,original_2d,2,18.032011999821407
8,15,original_2d,1,18.885619001594023
8,15,separable_1d,2,11.993912999969325
8,16,separable_1d,1,11.814350998974987
8,16,original_2d,2,18.956722999064368
8,17,original_2d,1,18.367762999332626
8,17,separable_1d,2,12.068202000591555
8,18,separable_1d,1,11.726165999789373
8,18,original_2d,2,19.164186000125483
8,19,original_2d,1,19.84845500010124
8,19,separable_1d,2,12.138038000557572
8,20,separable_1d,1,11.818081000456004
8,20,original_2d,2,19.148164999933215
8,21,original_2d,1,19.424579999395064
8,21,separable_1d,2,11.880767000548076
8,22,separable_1d,1,12.026553000396234
8,22,original_2d,2,18.875761999879614
8,23,original_2d,1,19.637723999039736
8,23,separable_1d,2,11.824332001197035
8,24,separable_1d,1,11.932837000131258
8,24,original_2d,2,19.651635999252903
8,25,original_2d,1,19.259294000221416
8,25,separable_1d,2,12.63377000032051
8,26,separable_1d,1,11.75844700082962
8,26,original_2d,2,19.0126239995152
8,27,original_2d,1,19.062164001297788
8,27,separable_1d,2,11.87841200044204
8,28,separable_1d,1,12.037280001095496
8,28,original_2d,2,19.550585999240866
8,29,original_2d,1,19.530544999724953
8,29,separable_1d,2,12.243931001648889
8,30,separable_1d,1,11.883842998940963
8,30,original_2d,2,18.99082000090857
8,31,original_2d,1,19.646632001240505
8,31,separable_1d,2,11.890406000020448
8,32,separable_1d,1,11.668581999401795
8,32,original_2d,2,19.21432099879894
8,33,original_2d,1,19.001590000698343
8,33,separable_1d,2,11.62316699992516
8,34,separable_1d,1,12.921600000481703
8,34,original_2d,2,19.266981000328087
8,35,original_2d,1,18.98340099978668
8,35,separable_1d,2,12.070488000972546
8,36,separable_1d,1,11.742159000277752
8,36,original_2d,2,19.59524199992302
8,37,original_2d,1,19.185521001418238
8,37,separable_1d,2,11.905457999091595
8,38,separable_1d,1,11.664969000776182
8,38,original_2d,2,19.10433900047792
8,39,original_2d,1,19.251978001193493
8,39,separable_1d,2,11.290794000160531
8,40,separable_1d,1,10.837908001121832
8,40,original_2d,2,18.067028000587015
8,41,original_2d,1,17.995797001276514
8,41,separable_1d,2,10.675445000742911
8,42,separable_1d,1,11.90689599934558
8,42,original_2d,2,19.037048001337098
8,43,original_2d,1,19.28700299868069
8,43,separable_1d,2,11.17547600006219
8,44,separable_1d,1,11.017525999704958
8,44,original_2d,2,18.9307260006899
8,45,original_2d,1,19.342457999300677
8,45,separable_1d,2,12.310388001424144
8,46,separable_1d,1,12.042035001286422
8,46,original_2d,2,19.15519099929952
8,47,original_2d,1,19.128126001305645
8,47,separable_1d,2,12.153751000369084
8,48,separable_1d,1,11.776221001127851
8,48,original_2d,2,18.539978000262636
8,49,original_2d,1,18.8089380008023
8,49,separable_1d,2,10.923281999566825
8,50,separable_1d,1,10.780753998915316
8,50,original_2d,2,18.17302400013432
8,51,original_2d,1,18.2269399992947
8,51,separable_1d,2,10.78851900092559
8,52,separable_1d,1,10.83941899923957
8,52,original_2d,2,18.05657099976088
8,53,original_2d,1,18.495714000891894
8,53,separable_1d,2,10.874867999518756
8,54,separable_1d,1,10.765768000055687
8,54,original_2d,2,18.07591900069383
8,55,original_2d,1,19.498483999996097
8,55,separable_1d,2,11.930910000955919
8,56,separable_1d,1,11.791396000262466
8,56,original_2d,2,19.297775001177797
8,57,original_2d,1,18.95346099991002
8,57,separable_1d,2,12.061789999279426
8,58,separable_1d,1,11.767361998863635
8,58,original_2d,2,19.230689998948947
8,59,original_2d,1,18.05295499980275
8,59,separable_1d,2,10.835483999471762
8,60,separable_1d,1,10.811273001309019
8,60,original_2d,2,18.088569000610732
8,61,original_2d,1,18.322670000998187
8,61,separable_1d,2,12.287299001400243
8,62,separable_1d,1,11.851213999761967
8,62,original_2d,2,19.043792000957183
8,63,original_2d,1,19.124521999401622
8,63,separable_1d,2,11.125781000373536
8,64,separable_1d,1,10.9149059990159
8,64,original_2d,2,18.68259399998351
8,65,original_2d,1,18.197797999164322
8,65,separable_1d,2,10.959999999613501
8,66,separable_1d,1,10.804657000335283
8,66,original_2d,2,18.086389000018244
8,67,original_2d,1,19.076666998444125
8,67,separable_1d,2,12.077171000782982
8,68,separable_1d,1,11.573157999009709
8,68,original_2d,2,19.038768999962485
8,69,original_2d,1,19.25848500104621
8,69,separable_1d,2,11.85981799972069
8,70,separable_1d,1,11.750183000913239
8,70,original_2d,2,18.965057999594137
8,71,original_2d,1,18.96517000022868
8,71,separable_1d,2,11.623321001025033
8,72,separable_1d,1,11.76625800144393
8,72,original_2d,2,19.095906000075047
8,73,original_2d,1,18.773753001369187
8,73,separable_1d,2,11.841954999908921
8,74,separable_1d,1,11.995894999927259
8,74,original_2d,2,18.77678500022739
8,75,original_2d,1,18.062672999803908
8,75,separable_1d,2,11.618922999332426
8,76,separable_1d,1,12.011976999929175
8,76,original_2d,2,18.425227999614435
8,77,original_2d,1,17.957006000870024
8,77,separable_1d,2,10.841887000424322
8,78,separable_1d,1,11.404389000745141
8,78,original_2d,2,19.72950700110232
8,79,original_2d,1,19.745049999983166
8,79,separable_1d,2,11.272525000094902
8,80,separable_1d,1,11.251248000917258
8,80,original_2d,2,18.084555998939322
8,81,original_2d,1,18.565484000646393
8,81,separable_1d,2,10.884916000577505
8,82,separable_1d,1,10.768381000161753
8,82,original_2d,2,18.162004998885095
8,83,original_2d,1,18.83626299968455
8,83,separable_1d,2,11.829044999103644
8,84,separable_1d,1,11.765890998503892
8,84,original_2d,2,19.320453000545967
8,85,original_2d,1,18.39996700073243
8,85,separable_1d,2,10.913739999523386
8,86,separable_1d,1,10.80676499987021
8,86,original_2d,2,17.932117998498143
8,87,original_2d,1,18.11097800054995
8,87,separable_1d,2,11.403074999179807
8,88,separable_1d,1,11.288658000921714
8,88,original_2d,2,18.089008999595535
8,89,original_2d,1,18.152456999814603
8,89,separable_1d,2,10.89301499996509
8,90,separable_1d,1,10.86244100042677
8,90,original_2d,2,18.18032899973332
8,91,original_2d,1,18.260679999002605
8,91,separable_1d,2,10.817759999554255
8,92,separable_1d,1,10.801083000842482
8,92,original_2d,2,17.940915999133722
8,93,original_2d,1,18.07392400041863
8,93,separable_1d,2,10.779701000501518
8,94,separable_1d,1,10.745884001153172
8,94,original_2d,2,17.944635999811
8,95,original_2d,1,18.03698500043538
8,95,separable_1d,2,11.581685999772162
8,96,separable_1d,1,11.084363999543712
8,96,original_2d,2,18.104561999280122
8,97,original_2d,1,18.374813000264112
8,97,separable_1d,2,11.534549999851151
8,98,separable_1d,1,10.829312999703689
8,98,original_2d,2,18.300249001185875
8,99,original_2d,1,18.120818000170402
8,99,separable_1d,2,10.775577000458725
8,100,separable_1d,1,11.08342800034734
8,100,original_2d,2,18.30267900004401
