epoch,train_mse,validation_mse
1,0.11638340635035566,0.06107337559972491
2,0.03720739295338085,0.016827393145788284
3,0.010806958854733827,0.007616860437251273
4,0.005998013764173684,0.004400044590944336
5,0.003749146278177996,0.0031442586776046525
6,0.0030254287140521995,0.002839521050364489
7,0.003065401463752646,0.002794238594582393
8,0.0029049567588253647,0.002646325710451319
9,0.002871343976132081,0.00256364543123969
10,0.00270231963904898,0.002540557889179105
11,0.0025440505357224963,0.002449567596028958
12,0.0024818253541688718,0.002407127037821781
13,0.00245771555140793,0.0024639441676083066
14,0.0025014518829854482,0.002352544893732383
15,0.00245316456696632,0.0023448928037569637
16,0.0024535349614829005,0.0023133535869419575
17,0.002525379702805759,0.002518194006933343
18,0.0025206779793440224,0.0022729450969823767
19,0.0023540622850288886,0.0022631285135589893
20,0.0023061867404595283,0.0024670008902571033
21,0.0023656684492608746,0.0023313385013136127
22,0.0023120993617252853,0.0022190663120931105
23,0.0023465597162770475,0.0022739711594546123
24,0.002309307170206469,0.002174438066070988
25,0.002274035992000453,0.0023685322431403967
26,0.002214350287306184,0.0021415133295314653
27,0.002189432534327853,0.0021751290852470057
28,0.0023255435454318982,0.0022674638423181718
29,0.002214218641793032,0.0021297629102177565
30,0.002223465852383636,0.002150721936708405
31,0.002191669329956263,0.002111149774420829
32,0.002112655126640272,0.00204832430574156
33,0.0020787833344949754,0.0020453562472193014
34,0.002069928903623434,0.0020217326514068105
35,0.0020723347928553464,0.002021625316480086
36,0.002037707903048771,0.002026577191870837
37,0.0020933118146916705,0.002001009593229918
38,0.0019985480390176803,0.0019464072039616959
39,0.0019792086649741865,0.001973343902223167
40,0.0020193911658064603,0.0020226013092767624
41,0.002008365370991255,0.0018966773280962592
42,0.0019485804811398872,0.0018863131713476918
43,0.0019652497024738235,0.0018727709760978108
44,0.0019375834757640602,0.001923462486870232
45,0.0019112068401303834,0.0019147073561769155
46,0.0019148678175859644,0.0020253448968841916
47,0.0019387137500323846,0.0018145395221099967
48,0.001864462101017822,0.001830120970095907
49,0.001843892050416259,0.0017924541108576314
50,0.0018495342688646145,0.001798062624099354
51,0.0018417628148771422,0.001923501757638795
52,0.0018530531596771614,0.001778749039485341
53,0.001798558789918835,0.0018022335688805296
54,0.0018521537063197193,0.0017687903628462837
55,0.0017995561137070467,0.0020161522663242762
56,0.0018116065780604314,0.0017265480654757646
57,0.0018184673240475224,0.0017011100980674936
58,0.001819796594623811,0.0017016059386410884
59,0.0017222323640344475,0.0017099215904073347
60,0.0017374332472793535,0.0017059952674788378
61,0.0017222264840150486,0.0016633021046540567
62,0.0017166011687925833,0.0016718038657147969
63,0.001735305096424313,0.0017497465347072908
64,0.0017060303933706558,0.0016364692932083493
65,0.0016720619744169498,0.0018244657576793717
66,0.0017226507293316953,0.001693849446296337
67,0.001680874073331406,0.0016832112866852964
68,0.0017002485176648744,0.0016819712085028489
69,0.0016851536371929204,0.0016114032062302744
70,0.0016262622056584693,0.001577455350863082
71,0.001628374864910534,0.0018467791821985017
72,0.0017587208289452298,0.001706137399499615
73,0.0016092473590846904,0.001565995326797877
74,0.0016304633997012666,0.0016411546440351578
75,0.0015992493888720156,0.0015888125524811802
76,0.0016156247305310148,0.0015790631795035942
77,0.0015789883205678291,0.001605211879082379
78,0.0015955685113673795,0.0015270990275201343
79,0.0016083291447358931,0.0015150776931217738
80,0.001525967214591132,0.0015318160155965458
81,0.0015391828499254799,0.0016848285283361162
82,0.0015610941653669684,0.00148487041726531
83,0.0015011136029696394,0.001536490168378112
84,0.0015077108508923989,0.0015611170646956279
85,0.0015175664207680586,0.0014813521965628578
86,0.0015706411475025698,0.0014817970693998394
87,0.0014765921939710925,0.0014548557976792967
88,0.0014750156990771075,0.0014492764658782455
89,0.001545394397156681,0.0016058995998242782
90,0.0015249351732443996,0.0014699795449684774
91,0.0014520465364278167,0.001439084199124149
92,0.0014404473682687042,0.0014769011398866063
93,0.0014796372040169325,0.0014667766323934
94,0.001443858807739205,0.0014301835769964825
95,0.0014575776960533448,0.0015951325185596943
96,0.0014407790208815368,0.0014036786853380146
97,0.001427879078804465,0.0013993001664944348
98,0.0013976579414914825,0.0013702459012468655
99,0.0014184807945868212,0.0015199107805355674
100,0.0014363107261733113,0.0013741684323620228
101,0.0013850223493321748,0.0013488518417857232
102,0.001381022017030882,0.0014564642361143516
103,0.0014034344516359939,0.0014037094300701504
104,0.001390892370258218,0.0013566192272784455
105,0.0013381012312476774,0.0013321710783722146
106,0.0013864945709526895,0.0013236874781016792
107,0.001340457620963588,0.0013845386149893915
108,0.0013542955233799127,0.001318321663088032
109,0.0013297742503154241,0.0013163903495296836
110,0.0013048689956023933,0.0013200933823273296
111,0.0013447673175718167,0.0015294326502563699
112,0.0013841790764754314,0.0012615650027458156
113,0.0012957429691792248,0.0012657876969093369
114,0.0012757497132772546,0.0012777121626727638
115,0.001263749920261165,0.0012358199871544326
116,0.0012515758869689917,0.0012800582751099551
117,0.0012389519872300014,0.0013353679040890363
118,0.0013222772681048352,0.00125151127576828
119,0.0012585948776275275,0.0012943144787901215
120,0.0012368074392420268,0.001232927526524734
121,0.0012289432656789523,0.0011923485823596518
122,0.0011981256678421609,0.0011772748659409228
123,0.0011772423066633815,0.0012102003453210706
124,0.0011879000331771498,0.0012012924278332364
125,0.0011547953489900171,0.0011602798255071754
126,0.0011572978029886405,0.001124746781507773
127,0.0011594245108513686,0.0011451396913755509
128,0.0011382024082728845,0.0011178733104662527
129,0.0011210040081972759,0.001106603276206269
130,0.0011164101180871446,0.0011332197935276088
131,0.0010918072406704464,0.0010565225522787798
132,0.0010606265650549068,0.0010621673094906978
133,0.0010831558262695096,0.0010779545021553834
134,0.001070693234249414,0.0010236881318546477
135,0.0010320352025129302,0.001039033057168126
136,0.001060104852927079,0.001099493798045885
137,0.0010535782325070374,0.0009914023990166328
138,0.0010122223837373634,0.0009843394814413927
139,0.0009952084249175504,0.0010245711975065725
140,0.001004184307642058,0.00101806740054772
141,0.0009800721180184694,0.0009611864141853792
142,0.000962562856967087,0.000962847649740676
143,0.0009634783066262653,0.0009296808912906618
144,0.0009517261380619721,0.0010430637381172606
145,0.0009707321219765275,0.0009215603127986902
146,0.0009407670732760456,0.0009172654910279172
147,0.0009468666739304533,0.0010646406694182328
148,0.0009940940598137454,0.0009073059579047064
149,0.0009264495041818096,0.0008738760426197024
150,0.0008792579282091897,0.0008700665341512788
151,0.000871783124860153,0.0008522653508754004
152,0.0008630421009851608,0.0008939031977206469
153,0.0008629565308439339,0.0008355445184168362
154,0.0008396108650106066,0.0009330959292128682
155,0.0009817565978828171,0.0008528309408575296
156,0.0008407184205151826,0.0008195289355214863
157,0.0008135561735096002,0.0008023157992976762
158,0.0008069923385269494,0.0007844281526992009
159,0.0007886768246911644,0.0007854105483385778
160,0.0008438967930258971,0.0007733124241765056
161,0.0008208899515469051,0.0007667093886993825
162,0.0007728932074739592,0.0007527802760402361
163,0.0007637915184754812,0.0007494125914360796
164,0.0007666025494091481,0.0008541042639297389
165,0.0007705996987621808,0.0007297011657751032
166,0.0007544487877191228,0.0007424407078707148
167,0.0007539769327184353,0.0007478031773297559
168,0.0007228307341626974,0.0007173388952478057
169,0.0007985845873199269,0.0007926370737896789
170,0.0007354254018052475,0.0007189363684682619
171,0.0007179447419768545,0.0007111319490442318
172,0.0007123754852629841,0.0007014247960233618
173,0.0007094631350075012,0.0007003688730210776
174,0.0006988567866881317,0.000685803999658674
175,0.0006985007520363538,0.0006854293086299938
176,0.0007161180897264513,0.000743537160035755
177,0.0006980194722742824,0.0006739234252433692
178,0.000676260355575579,0.0006729736674710044
179,0.0007082741194499467,0.0009002593689642492
180,0.0007324528369444707,0.0006884497096983804
181,0.0006651619203879447,0.0006616465148649045
182,0.0006642766801562317,0.0006454758445865341
183,0.0006539847745008009,0.0006587732738504807
184,0.0006762565741689128,0.0006474219207164078
185,0.0006698308788619178,0.0006648512623671975
186,0.0006486237492456943,0.0006329826650298422
187,0.0006725778670780763,0.0006304859194815869
188,0.0006607931318503253,0.0007397440384097752
189,0.0006554593997143075,0.0006288909187008228
190,0.0006441412337436647,0.0006247923121831956
191,0.0006341442018245419,0.0006268294611280518
192,0.000638279694754318,0.000667430368983852
193,0.0006498113685164846,0.0006232704562578528
194,0.0006271856962452214,0.0006134033569001726
195,0.0006728125272547369,0.0006840087950140948
196,0.0006366670640564697,0.0006081728774699427
197,0.0006149569651792328,0.0006063669238106481
198,0.0006261230906482763,0.0006016790755980072
199,0.0006350022552445709,0.0006230587023310363
200,0.0006426819931286315,0.0006515304557979107
201,0.0006131425693012149,0.000594820347725458
202,0.000607071371196942,0.0006106564459124846
203,0.0006165602240951252,0.000588845525358227
204,0.0006421456973676285,0.0006363069128599905
205,0.000617741150879106,0.0005960734006727026
206,0.0005946187542968926,0.0005894777741992758
207,0.0005999787663204406,0.0005862618452825007
208,0.0006223821463230663,0.0005824811523780227
209,0.0005934924862492539,0.0005968203879005852
210,0.00059693713650152,0.0005985901280794115
211,0.000600756930597238,0.0005773065190407492
212,0.0005953429363707003,0.0005721117791143202
213,0.0005914612490583412,0.0005677355691746232
214,0.0005870445441136773,0.000579698421504526
215,0.0005868761381970908,0.0005995138476247943
216,0.000586503979674691,0.0005633121500501321
217,0.0006405714066966833,0.0005974036674680454
218,0.0005905380002696982,0.0005601418005036456
219,0.0005650754396184654,0.000561161094256455
220,0.0005680255209859795,0.0005549567119617547
221,0.0005636705639130787,0.0005757278441229747
222,0.0005628182221633454,0.0005506917812107574
223,0.0006222771236695304,0.0005988741315723885
224,0.0005710876848643456,0.0005518532762791784
225,0.0005608892621065373,0.0005515162262045557
226,0.0005602354262565112,0.0005454448484150427
227,0.0005705307762718531,0.0006145551645507415
228,0.0005620381708429781,0.0005498642622981043
229,0.0005525440829150758,0.0005598766341184577
230,0.0005620745624817105,0.0005721325952825802
231,0.0005629761165431784,0.0005509237248805307
232,0.0005801187174305498,0.0006267554098961963
233,0.0005748250189203835,0.0005350236869638874
234,0.0005402922407935881,0.0005358272575817647
235,0.0005521363157689749,0.0005309545778713765
236,0.0005437646257763583,0.0005770252097309345
237,0.0005576412788101523,0.0005462698810290368
238,0.0005488429400821713,0.0005254245562744993
239,0.000568754797798587,0.0005327103010910962
240,0.000532641470457377,0.0005279773225386938
241,0.0005416834952092233,0.0005287481859947244
242,0.0005475435831896336,0.0006620330747128243
243,0.0005534665790124389,0.0005209248324501372
244,0.0005307368973191984,0.0005177937148671065
245,0.0005734966462059783,0.0006482926546595991
246,0.0005701737893845686,0.0005303471060913234
247,0.0005366332807388536,0.0005174716186177518
248,0.0005289693732472683,0.0005244381249039655
249,0.0005252256060247784,0.0005131954371574379
250,0.0005205271627564363,0.000508704084149074
