batch_size,pair,position_in_pair,input_batch_index,backend,latency_ms
1,0,0,0,pytorch,7.287193
1,0,1,0,onnx_iobinding,6.70331
1,1,0,1,onnx_iobinding,6.244428
1,1,1,1,pytorch,6.351092
1,2,0,2,pytorch,6.275073
1,2,1,2,onnx_iobinding,6.160963
1,3,0,3,onnx_iobinding,6.293209
1,3,1,3,pytorch,6.333769
1,4,0,4,pytorch,6.235985
1,4,1,4,onnx_iobinding,6.095222
1,5,0,5,onnx_iobinding,6.240418
1,5,1,5,pytorch,6.306998
1,6,0,6,pytorch,6.404834
1,6,1,6,onnx_iobinding,6.158373
1,7,0,7,onnx_iobinding,6.198156
1,7,1,7,pytorch,6.310647
1,8,0,8,pytorch,6.253803
1,8,1,8,onnx_iobinding,6.196635
1,9,0,9,onnx_iobinding,6.168952
1,9,1,9,pytorch,6.282995
1,10,0,10,pytorch,6.882206
1,10,1,10,onnx_iobinding,6.217019
1,11,0,11,onnx_iobinding,6.181771
1,11,1,11,pytorch,6.287369
1,12,0,12,pytorch,6.387398
1,12,1,12,onnx_iobinding,6.214607
1,13,0,13,onnx_iobinding,6.256256
1,13,1,13,pytorch,6.270302
1,14,0,14,pytorch,6.327803
1,14,1,14,onnx_iobinding,6.299356
1,15,0,15,onnx_iobinding,6.298685
1,15,1,15,pytorch,6.296311
1,16,0,16,pytorch,6.344945
1,16,1,16,onnx_iobinding,6.289143
1,17,0,17,onnx_iobinding,6.276179
1,17,1,17,pytorch,6.236272
1,18,0,18,pytorch,6.295217
1,18,1,18,onnx_iobinding,6.187227
1,19,0,19,onnx_iobinding,6.775688
1,19,1,19,pytorch,7.360046
1,20,0,20,pytorch,7.769104
1,20,1,20,onnx_iobinding,6.801482
1,21,0,21,onnx_iobinding,6.877635
1,21,1,21,pytorch,7.335379
1,22,0,22,pytorch,9.380584
1,22,1,22,onnx_iobinding,6.576392
1,23,0,23,onnx_iobinding,6.098838
1,23,1,23,pytorch,6.300766
1,24,0,24,pytorch,6.253361
1,24,1,24,onnx_iobinding,6.013895
1,25,0,25,onnx_iobinding,6.895414
1,25,1,25,pytorch,6.243017
1,26,0,26,pytorch,6.426183
1,26,1,26,onnx_iobinding,6.060781
1,27,0,27,onnx_iobinding,6.044694
1,27,1,27,pytorch,6.218249
1,28,0,28,pytorch,6.162078
1,28,1,28,onnx_iobinding,8.182919
1,29,0,29,onnx_iobinding,7.30264
1,29,1,29,pytorch,7.415305
1,30,0,30,pytorch,7.716581
1,30,1,30,onnx_iobinding,6.942557
1,31,0,31,onnx_iobinding,6.858576
1,31,1,31,pytorch,8.384232
1,32,0,32,pytorch,8.261701
1,32,1,32,onnx_iobinding,7.209387
1,33,0,33,onnx_iobinding,7.769126
1,33,1,33,pytorch,10.099852
1,34,0,34,pytorch,7.459564
1,34,1,34,onnx_iobinding,7.18371
1,35,0,35,onnx_iobinding,7.44662
1,35,1,35,pytorch,7.831814
1,36,0,36,pytorch,7.2553
1,36,1,36,onnx_iobinding,6.838056
1,37,0,37,onnx_iobinding,6.876792
1,37,1,37,pytorch,8.01763
1,38,0,38,pytorch,7.484349
1,38,1,38,onnx_iobinding,7.263249
1,39,0,39,onnx_iobinding,7.328845
1,39,1,39,pytorch,7.781278
1,40,0,40,pytorch,7.597115
1,40,1,40,onnx_iobinding,6.883102
1,41,0,41,onnx_iobinding,7.068833
1,41,1,41,pytorch,7.270028
1,42,0,42,pytorch,7.420815
1,42,1,42,onnx_iobinding,6.930015
1,43,0,43,onnx_iobinding,7.019358
1,43,1,43,pytorch,6.297115
1,44,0,44,pytorch,6.228671
1,44,1,44,onnx_iobinding,6.135873
1,45,0,45,onnx_iobinding,6.102742
1,45,1,45,pytorch,6.606558
1,46,0,46,pytorch,6.310086
1,46,1,46,onnx_iobinding,6.221355
1,47,0,47,onnx_iobinding,6.067851
1,47,1,47,pytorch,6.195684
1,48,0,48,pytorch,6.160977
1,48,1,48,onnx_iobinding,6.077868
1,49,0,49,onnx_iobinding,6.033219
1,49,1,49,pytorch,6.156001
1,50,0,50,pytorch,6.747968
1,50,1,50,onnx_iobinding,6.151766
1,51,0,51,onnx_iobinding,6.114482
1,51,1,51,pytorch,6.279786
1,52,0,52,pytorch,6.273178
1,52,1,52,onnx_iobinding,6.158439
1,53,0,53,onnx_iobinding,6.076987
1,53,1,53,pytorch,6.339262
1,54,0,54,pytorch,6.356339
1,54,1,54,onnx_iobinding,6.143347
1,55,0,55,onnx_iobinding,6.06503
1,55,1,55,pytorch,6.24564
1,56,0,56,pytorch,6.17641
1,56,1,56,onnx_iobinding,6.200023
1,57,0,57,onnx_iobinding,6.148424
1,57,1,57,pytorch,6.284611
1,58,0,58,pytorch,6.202507
1,58,1,58,onnx_iobinding,6.163917
1,59,0,59,onnx_iobinding,6.08928
1,59,1,59,pytorch,6.216915
1,60,0,60,pytorch,6.238618
1,60,1,60,onnx_iobinding,6.324109
1,61,0,61,onnx_iobinding,6.01831
1,61,1,61,pytorch,6.198284
1,62,0,62,pytorch,6.135167
1,62,1,62,onnx_iobinding,6.055984
1,63,0,63,onnx_iobinding,6.116086
1,63,1,63,pytorch,6.167803
1,64,0,64,pytorch,6.154901
1,64,1,64,onnx_iobinding,6.086567
1,65,0,65,onnx_iobinding,6.132396
1,65,1,65,pytorch,6.168961
1,66,0,66,pytorch,6.156104
1,66,1,66,onnx_iobinding,6.033963
1,67,0,67,onnx_iobinding,6.139366
1,67,1,67,pytorch,6.331478
1,68,0,68,pytorch,6.13897
1,68,1,68,onnx_iobinding,6.055179
1,69,0,69,onnx_iobinding,6.095416
1,69,1,69,pytorch,6.183525
1,70,0,70,pytorch,6.163861
1,70,1,70,onnx_iobinding,6.307005
1,71,0,71,onnx_iobinding,6.126523
1,71,1,71,pytorch,6.188727
1,72,0,72,pytorch,6.193844
1,72,1,72,onnx_iobinding,7.0173
1,73,0,73,onnx_iobinding,6.142178
1,73,1,73,pytorch,6.20079
1,74,0,74,pytorch,6.188515
1,74,1,74,onnx_iobinding,6.088322
1,75,0,75,onnx_iobinding,6.622193
1,75,1,75,pytorch,6.718812
1,76,0,76,pytorch,6.196554
1,76,1,76,onnx_iobinding,6.179375
1,77,0,77,onnx_iobinding,6.062438
1,77,1,77,pytorch,7.033156
1,78,0,78,pytorch,6.165671
1,78,1,78,onnx_iobinding,6.061131
1,79,0,79,onnx_iobinding,6.053148
1,79,1,79,pytorch,6.143736
1,80,0,80,pytorch,6.153646
1,80,1,80,onnx_iobinding,6.049049
1,81,0,81,onnx_iobinding,6.082554
1,81,1,81,pytorch,6.255161
1,82,0,82,pytorch,6.412848
1,82,1,82,onnx_iobinding,6.038352
1,83,0,0,onnx_iobinding,6.071191
1,83,1,0,pytorch,6.278386
1,84,0,1,pytorch,6.163667
1,84,1,1,onnx_iobinding,6.337207
1,85,0,2,onnx_iobinding,6.28484
1,85,1,2,pytorch,6.224669
1,86,0,3,pytorch,6.24016
1,86,1,3,onnx_iobinding,6.074241
1,87,0,4,onnx_iobinding,6.057115
1,87,1,4,pytorch,6.181272
1,88,0,5,pytorch,6.24834
1,88,1,5,onnx_iobinding,6.181119
1,89,0,6,onnx_iobinding,6.162148
1,89,1,6,pytorch,6.214766
1,90,0,7,pytorch,7.236558
1,90,1,7,onnx_iobinding,6.905632
1,91,0,8,onnx_iobinding,6.851702
1,91,1,8,pytorch,7.44228
1,92,0,9,pytorch,7.353011
1,92,1,9,onnx_iobinding,6.947274
1,93,0,10,onnx_iobinding,6.468969
1,93,1,10,pytorch,6.213003
1,94,0,11,pytorch,6.175907
1,94,1,11,onnx_iobinding,6.138338
1,95,0,12,onnx_iobinding,6.133182
1,95,1,12,pytorch,6.165147
1,96,0,13,pytorch,6.259682
1,96,1,13,onnx_iobinding,6.112237
1,97,0,14,onnx_iobinding,6.190915
1,97,1,14,pytorch,6.365798
1,98,0,15,pytorch,6.200034
1,98,1,15,onnx_iobinding,6.174693
1,99,0,16,onnx_iobinding,6.24928
1,99,1,16,pytorch,6.205932
8,0,0,0,pytorch,24.049066
8,0,1,0,onnx_iobinding,23.538661
8,1,0,1,onnx_iobinding,23.623265
8,1,1,1,pytorch,24.018915
8,2,0,2,pytorch,23.969664
8,2,1,2,onnx_iobinding,23.435533
8,3,0,3,onnx_iobinding,22.736558
8,3,1,3,pytorch,22.821339
8,4,0,4,pytorch,23.521824
8,4,1,4,onnx_iobinding,23.702438
8,5,0,5,onnx_iobinding,23.885194
8,5,1,5,pytorch,24.428885
8,6,0,6,pytorch,22.962988
8,6,1,6,onnx_iobinding,23.459464
8,7,0,7,onnx_iobinding,23.794273
8,7,1,7,pytorch,23.721879
8,8,0,8,pytorch,23.557359
8,8,1,8,onnx_iobinding,23.837553
8,9,0,9,onnx_iobinding,22.628674
8,9,1,9,pytorch,24.071188
8,10,0,10,pytorch,24.101263
8,10,1,10,onnx_iobinding,24.223359
8,11,0,0,onnx_iobinding,23.690775
8,11,1,0,pytorch,24.326061
8,12,0,1,pytorch,23.702527
8,12,1,1,onnx_iobinding,23.814039
8,13,0,2,onnx_iobinding,23.622867
8,13,1,2,pytorch,23.64015
8,14,0,3,pytorch,23.809174
8,14,1,3,onnx_iobinding,24.01061
8,15,0,4,onnx_iobinding,23.571491
8,15,1,4,pytorch,23.765363
8,16,0,5,pytorch,22.658909
8,16,1,5,onnx_iobinding,23.271876
8,17,0,6,onnx_iobinding,23.721544
8,17,1,6,pytorch,23.766706
8,18,0,7,pytorch,23.544701
8,18,1,7,onnx_iobinding,24.135753
8,19,0,8,onnx_iobinding,22.889303
8,19,1,8,pytorch,23.521366
8,20,0,9,pytorch,23.785516
8,20,1,9,onnx_iobinding,23.840978
8,21,0,10,onnx_iobinding,23.891996
8,21,1,10,pytorch,24.094622
8,22,0,0,pytorch,23.911524
8,22,1,0,onnx_iobinding,23.777084
8,23,0,1,onnx_iobinding,22.647324
8,23,1,1,pytorch,23.82763
8,24,0,2,pytorch,23.696614
8,24,1,2,onnx_iobinding,22.732515
8,25,0,3,onnx_iobinding,23.98835
8,25,1,3,pytorch,22.969168
8,26,0,4,pytorch,23.794109
8,26,1,4,onnx_iobinding,23.786795
8,27,0,5,onnx_iobinding,24.372978
8,27,1,5,pytorch,23.121303
8,28,0,6,pytorch,22.600485
8,28,1,6,onnx_iobinding,22.938864
8,29,0,7,onnx_iobinding,23.409771
8,29,1,7,pytorch,23.612104
8,30,0,8,pytorch,24.892288
8,30,1,8,onnx_iobinding,23.806046
8,31,0,9,onnx_iobinding,24.523136
8,31,1,9,pytorch,22.745454
8,32,0,10,pytorch,22.778397
8,32,1,10,onnx_iobinding,22.910058
8,33,0,0,onnx_iobinding,22.612171
8,33,1,0,pytorch,23.112089
8,34,0,1,pytorch,23.911272
8,34,1,1,onnx_iobinding,23.696895
8,35,0,2,onnx_iobinding,23.751201
8,35,1,2,pytorch,23.774023
8,36,0,3,pytorch,23.74553
8,36,1,3,onnx_iobinding,24.126359
8,37,0,4,onnx_iobinding,23.814722
8,37,1,4,pytorch,24.09182
8,38,0,5,pytorch,23.059608
8,38,1,5,onnx_iobinding,22.688989
8,39,0,6,onnx_iobinding,22.838709
8,39,1,6,pytorch,22.818355
8,40,0,7,pytorch,23.456715
8,40,1,7,onnx_iobinding,23.806068
8,41,0,8,onnx_iobinding,24.296844
8,41,1,8,pytorch,23.523879
8,42,0,9,pytorch,23.782908
8,42,1,9,onnx_iobinding,23.906287
8,43,0,10,onnx_iobinding,23.110566
8,43,1,10,pytorch,23.774569
8,44,0,0,pytorch,23.214927
8,44,1,0,onnx_iobinding,22.723043
8,45,0,1,onnx_iobinding,23.466806
8,45,1,1,pytorch,23.590633
8,46,0,2,pytorch,23.700195
8,46,1,2,onnx_iobinding,23.692099
8,47,0,3,onnx_iobinding,23.984901
8,47,1,3,pytorch,23.685421
8,48,0,4,pytorch,23.887501
8,48,1,4,onnx_iobinding,23.290138
8,49,0,5,onnx_iobinding,22.707048
8,49,1,5,pytorch,22.826264
8,50,0,6,pytorch,23.673392
8,50,1,6,onnx_iobinding,23.602194
8,51,0,7,onnx_iobinding,24.472279
8,51,1,7,pytorch,23.911669
8,52,0,8,pytorch,23.620656
8,52,1,8,onnx_iobinding,23.22144
8,53,0,9,onnx_iobinding,24.137317
8,53,1,9,pytorch,23.58207
8,54,0,10,pytorch,24.012642
8,54,1,10,onnx_iobinding,23.988165
8,55,0,0,onnx_iobinding,23.552895
8,55,1,0,pytorch,23.799701
8,56,0,1,pytorch,23.139851
8,56,1,1,onnx_iobinding,22.833945
8,57,0,2,onnx_iobinding,23.038472
8,57,1,2,pytorch,24.345669
8,58,0,3,pytorch,24.105816
8,58,1,3,onnx_iobinding,24.478146
8,59,0,4,onnx_iobinding,23.348576
8,59,1,4,pytorch,23.635444
8,60,0,5,pytorch,23.600147
8,60,1,5,onnx_iobinding,24.353801
8,61,0,6,onnx_iobinding,23.864245
8,61,1,6,pytorch,23.80005
8,62,0,7,pytorch,23.226866
8,62,1,7,onnx_iobinding,22.897665
8,63,0,8,onnx_iobinding,23.053667
8,63,1,8,pytorch,22.889998
8,64,0,9,pytorch,22.969099
8,64,1,9,onnx_iobinding,23.863268
8,65,0,10,onnx_iobinding,23.351535
8,65,1,10,pytorch,23.052243
8,66,0,0,pytorch,22.926346
8,66,1,0,onnx_iobinding,22.914989
8,67,0,1,onnx_iobinding,22.946778
8,67,1,1,pytorch,24.414321
8,68,0,2,pytorch,23.900198
8,68,1,2,onnx_iobinding,23.030798
8,69,0,3,onnx_iobinding,23.411097
8,69,1,3,pytorch,23.213782
8,70,0,4,pytorch,24.110826
8,70,1,4,onnx_iobinding,23.894875
8,71,0,5,onnx_iobinding,23.357586
8,71,1,5,pytorch,23.787831
8,72,0,6,pytorch,23.512622
8,72,1,6,onnx_iobinding,23.999951
8,73,0,7,onnx_iobinding,23.692885
8,73,1,7,pytorch,23.906099
8,74,0,8,pytorch,23.429799
8,74,1,8,onnx_iobinding,23.854352
8,75,0,9,onnx_iobinding,24.111265
8,75,1,9,pytorch,22.940387
8,76,0,10,pytorch,23.6716
8,76,1,10,onnx_iobinding,23.886145
8,77,0,0,onnx_iobinding,23.371413
8,77,1,0,pytorch,23.959845
8,78,0,1,pytorch,23.659931
8,78,1,1,onnx_iobinding,23.714243
8,79,0,2,onnx_iobinding,23.661459
8,79,1,2,pytorch,23.133931
8,80,0,3,pytorch,22.75466
8,80,1,3,onnx_iobinding,23.339949
8,81,0,4,onnx_iobinding,23.140831
8,81,1,4,pytorch,23.034886
8,82,0,5,pytorch,23.057065
8,82,1,5,onnx_iobinding,23.996119
8,83,0,6,onnx_iobinding,24.013295
8,83,1,6,pytorch,23.840759
8,84,0,7,pytorch,23.16915
8,84,1,7,onnx_iobinding,23.191381
8,85,0,8,onnx_iobinding,22.89286
8,85,1,8,pytorch,22.821702
8,86,0,9,pytorch,23.153234
8,86,1,9,onnx_iobinding,22.792186
8,87,0,10,onnx_iobinding,22.748847
8,87,1,10,pytorch,22.794822
8,88,0,0,pytorch,23.544061
8,88,1,0,onnx_iobinding,23.991839
8,89,0,1,onnx_iobinding,23.47718
8,89,1,1,pytorch,23.163825
8,90,0,2,pytorch,23.361007
8,90,1,2,onnx_iobinding,23.698146
8,91,0,3,onnx_iobinding,23.133818
8,91,1,3,pytorch,23.137322
8,92,0,4,pytorch,22.962678
8,92,1,4,onnx_iobinding,22.863932
8,93,0,5,onnx_iobinding,22.685664
8,93,1,5,pytorch,22.965804
8,94,0,6,pytorch,22.866458
8,94,1,6,onnx_iobinding,22.758285
8,95,0,7,onnx_iobinding,22.788911
8,95,1,7,pytorch,22.88517
8,96,0,8,pytorch,22.980673
8,96,1,8,onnx_iobinding,22.722646
8,97,0,9,onnx_iobinding,23.007119
8,97,1,9,pytorch,22.935621
8,98,0,10,pytorch,22.923182
8,98,1,10,onnx_iobinding,22.93302
8,99,0,0,onnx_iobinding,22.764049
8,99,1,0,pytorch,23.602821
